Date,Price
13-Mar-09,0.1159
12-Mar-09,0.1161
11-Mar-09,0.1143
10-Mar-09,0.1126
9-Mar-09,0.1087
6-Mar-09,0.1089
5-Mar-09,0.1075
4-Mar-09,0.1106
3-Mar-09,0.1083
2-Mar-09,0.1084
27-Feb-09,0.111
26-Feb-09,0.1111
25-Feb-09,0.1116
24-Feb-09,0.1134
23-Feb-09,0.113
20-Feb-09,0.115
19-Feb-09,0.1145
18-Feb-09,0.1141
17-Feb-09,0.1131
16-Feb-09,0.1169
13-Feb-09,0.1193
12-Feb-09,0.1193
11-Feb-09,0.1197
10-Feb-09,0.1212
9-Feb-09,0.1243
6-Feb-09,0.1234
5-Feb-09,0.1208
4-Feb-09,0.1203
3-Feb-09,0.1218
2-Feb-09,0.1197
30-Jan-09,0.1193
29-Jan-09,0.1223
28-Jan-09,0.1243
27-Jan-09,0.124
26-Jan-09,0.125
23-Jan-09,0.1222
22-Jan-09,0.1213
21-Jan-09,0.1225
20-Jan-09,0.1187
19-Jan-09,0.1205
16-Jan-09,0.1225
15-Jan-09,0.121
14-Jan-09,0.1191
13-Jan-09,0.1206
12-Jan-09,0.1245
9-Jan-09,0.1258
8-Jan-09,0.1288
7-Jan-09,0.128
6-Jan-09,0.1271
5-Jan-09,0.127
2-Jan-09,0.1293
1-Jan-09,0.1282
31-Dec-08,0.128
30-Dec-08,0.1286
29-Dec-08,0.127
26-Dec-08,0.1255
25-Dec-08,0.1275
24-Dec-08,0.1251
23-Dec-08,0.1247
22-Dec-08,0.1266
19-Dec-08,0.1283
18-Dec-08,0.129
17-Dec-08,0.1314
16-Dec-08,0.1263
15-Dec-08,0.1249
12-Dec-08,0.1243
11-Dec-08,0.1259
10-Dec-08,0.1224
9-Dec-08,0.122
8-Dec-08,0.124
5-Dec-08,0.1196
4-Dec-08,0.121
3-Dec-08,0.122
2-Dec-08,0.1219
1-Dec-08,0.1202
28-Nov-08,0.1235
27-Nov-08,0.1254
26-Nov-08,0.1247
25-Nov-08,0.1271
24-Nov-08,0.1255
21-Nov-08,0.119
20-Nov-08,0.1202
19-Nov-08,0.1222
18-Nov-08,0.1245
17-Nov-08,0.125
14-Nov-08,0.1263
13-Nov-08,0.128
12-Nov-08,0.1232
11-Nov-08,0.1239
10-Nov-08,0.1274
7-Nov-08,0.1265
6-Nov-08,0.1261
5-Nov-08,0.1293
4-Nov-08,0.1316
3-Nov-08,0.1286
31-Oct-08,0.1286
30-Oct-08,0.1315
29-Oct-08,0.1316
28-Oct-08,0.1281
27-Oct-08,0.1243
24-Oct-08,0.126
23-Oct-08,0.131
22-Oct-08,0.1274
21-Oct-08,0.1288
20-Oct-08,0.1341
17-Oct-08,0.1347
16-Oct-08,0.135
15-Oct-08,0.1336
14-Oct-08,0.139
13-Oct-08,0.1402
10-Oct-08,0.1385
9-Oct-08,0.1404
8-Oct-08,0.1408
7-Oct-08,0.1404
6-Oct-08,0.1386
3-Oct-08,0.1416
2-Oct-08,0.1423
1-Oct-08,0.1437
30-Sep-08,0.1449
29-Sep-08,0.1474
26-Sep-08,0.151
25-Sep-08,0.1516
24-Sep-08,0.1511
23-Sep-08,0.1521
22-Sep-08,0.154
19-Sep-08,0.1514
18-Sep-08,0.1496
17-Sep-08,0.1487
16-Sep-08,0.1467
15-Sep-08,0.1481
12-Sep-08,0.1493
11-Sep-08,0.1472
10-Sep-08,0.1472
9-Sep-08,0.1483
8-Sep-08,0.1493
5-Sep-08,0.1508
4-Sep-08,0.1502
3-Sep-08,0.1527
2-Sep-08,0.1536
1-Sep-08,0.1544
29-Aug-08,0.1549
28-Aug-08,0.156
27-Aug-08,0.1564
26-Aug-08,0.1562
25-Aug-08,0.1575
22-Aug-08,0.158
21-Aug-08,0.1593
20-Aug-08,0.157
19-Aug-08,0.1573
18-Aug-08,0.157
15-Aug-08,0.1568
14-Aug-08,0.1582
13-Aug-08,0.1592
12-Aug-08,0.159
11-Aug-08,0.1587
8-Aug-08,0.1597
7-Aug-08,0.1633
6-Aug-08,0.1637
5-Aug-08,0.1634
4-Aug-08,0.1648
1-Aug-08,0.1643
31-Jul-08,0.1653
30-Jul-08,0.1651
29-Jul-08,0.1647
28-Jul-08,0.1664
25-Jul-08,0.1658
24-Jul-08,0.1655
23-Jul-08,0.1658
22-Jul-08,0.1669
21-Jul-08,0.1686
18-Jul-08,0.1677
17-Jul-08,0.1676
16-Jul-08,0.1664
15-Jul-08,0.1678
14-Jul-08,0.1676
11-Jul-08,0.1682
10-Jul-08,0.1668
9-Jul-08,0.1665
8-Jul-08,0.1664
7-Jul-08,0.1671
4-Jul-08,0.1673
3-Jul-08,0.1668
2-Jul-08,0.1674
1-Jul-08,0.1672
30-Jun-08,0.1663
27-Jun-08,0.1674
26-Jun-08,0.1675
25-Jun-08,0.1665
24-Jun-08,0.1653
23-Jun-08,0.1652
20-Jun-08,0.1659
19-Jun-08,0.1651
18-Jun-08,0.1653
17-Jun-08,0.1653
16-Jun-08,0.1658
13-Jun-08,0.1643
12-Jun-08,0.1647
11-Jun-08,0.1658
10-Jun-08,0.1649
9-Jun-08,0.1675
6-Jun-08,0.1693
5-Jun-08,0.1673
4-Jun-08,0.1655
3-Jun-08,0.1655
2-Jun-08,0.1657
30-May-08,0.1665
29-May-08,0.1664
28-May-08,0.1673
27-May-08,0.1685
26-May-08,0.1693
23-May-08,0.1695
22-May-08,0.169
21-May-08,0.1694
20-May-08,0.1683
19-May-08,0.167
16-May-08,0.1673
15-May-08,0.1656
14-May-08,0.1662
13-May-08,0.1663
12-May-08,0.1673
9-May-08,0.1668
8-May-08,0.1658
7-May-08,0.1653
6-May-08,0.1664
5-May-08,0.1654
2-May-08,0.1648
1-May-08,0.1654
30-Apr-08,0.1671
29-Apr-08,0.1663
28-Apr-08,0.1673
25-Apr-08,0.167
24-Apr-08,0.1682
23-Apr-08,0.1703
22-Apr-08,0.1713
21-Apr-08,0.1698
18-Apr-08,0.168
17-Apr-08,0.1689
16-Apr-08,0.1699
15-Apr-08,0.1679
14-Apr-08,0.1685
11-Apr-08,0.1673
10-Apr-08,0.1677
9-Apr-08,0.1687
8-Apr-08,0.1675
7-Apr-08,0.1677
4-Apr-08,0.1678
3-Apr-08,0.1675
2-Apr-08,0.1675
1-Apr-08,0.1662
31-Mar-08,0.1681
28-Mar-08,0.168
27-Mar-08,0.1678
26-Mar-08,0.1682
25-Mar-08,0.1662
24-Mar-08,0.1636
21-Mar-08,0.1637
20-Mar-08,0.164
19-Mar-08,0.1664
18-Mar-08,0.1658
17-Mar-08,0.1662
14-Mar-08,0.1657
13-Mar-08,0.1659
12-Mar-08,0.1649
11-Mar-08,0.1633
10-Mar-08,0.1632
7-Mar-08,0.1633
6-Mar-08,0.1638
5-Mar-08,0.1633
4-Mar-08,0.1628
3-Mar-08,0.1626
29-Feb-08,0.1622
28-Feb-08,0.1624
27-Feb-08,0.1618
26-Feb-08,0.1609
25-Feb-08,0.1593
22-Feb-08,0.1594
21-Feb-08,0.1592
20-Feb-08,0.158
19-Feb-08,0.1582
18-Feb-08,0.1573
15-Feb-08,0.1578
14-Feb-08,0.1568
13-Feb-08,0.156
12-Feb-08,0.1551
11-Feb-08,0.1542
8-Feb-08,0.154
7-Feb-08,0.1536
6-Feb-08,0.1553
5-Feb-08,0.155
4-Feb-08,0.1578
1-Feb-08,0.1569
31-Jan-08,0.1571
30-Jan-08,0.1579
29-Jan-08,0.1565
28-Jan-08,0.1563
25-Jan-08,0.1547
24-Jan-08,0.1561
23-Jan-08,0.1542
22-Jan-08,0.1544
21-Jan-08,0.1523
18-Jan-08,0.1552
17-Jan-08,0.1554
16-Jan-08,0.1556
15-Jan-08,0.157
14-Jan-08,0.1585
11-Jan-08,0.1573
10-Jan-08,0.158
9-Jan-08,0.1557
8-Jan-08,0.1568
7-Jan-08,0.1565
4-Jan-08,0.1573
3-Jan-08,0.1575
2-Jan-08,0.1563
1-Jan-08,0.1547
31-Dec-07,0.1546
28-Dec-07,0.1561
27-Dec-07,0.1543
26-Dec-07,0.1534
25-Dec-07,0.1517
24-Dec-07,0.1518
21-Dec-07,0.1519
20-Dec-07,0.1515
19-Dec-07,0.152
18-Dec-07,0.1523
17-Dec-07,0.1523
14-Dec-07,0.1534
13-Dec-07,0.1552
12-Dec-07,0.1558
11-Dec-07,0.1551
10-Dec-07,0.1561
7-Dec-07,0.156
6-Dec-07,0.156
5-Dec-07,0.1554
4-Dec-07,0.1576
3-Dec-07,0.156
30-Nov-07,0.1565
29-Nov-07,0.157
28-Nov-07,0.1584
27-Nov-07,0.1593
26-Nov-07,0.1605
23-Nov-07,0.1598
22-Nov-07,0.1594
21-Nov-07,0.1593
20-Nov-07,0.1594
19-Nov-07,0.1581
16-Nov-07,0.1584
15-Nov-07,0.1577
14-Nov-07,0.1588
13-Nov-07,0.1579
12-Nov-07,0.1566
9-Nov-07,0.1583
8-Nov-07,0.1586
7-Nov-07,0.1582
6-Nov-07,0.1574
5-Nov-07,0.1558
2-Nov-07,0.1566
1-Nov-07,0.1554
31-Oct-07,0.1576
30-Oct-07,0.157
29-Oct-07,0.1565
26-Oct-07,0.1568
25-Oct-07,0.1555
24-Oct-07,0.1548
23-Oct-07,0.1553
22-Oct-07,0.154
19-Oct-07,0.1561
18-Oct-07,0.1559
17-Oct-07,0.1552
16-Oct-07,0.1548
15-Oct-07,0.1556
12-Oct-07,0.1558
11-Oct-07,0.1555
10-Oct-07,0.1548
9-Oct-07,0.154
8-Oct-07,0.1533
5-Oct-07,0.1542
4-Oct-07,0.1537
3-Oct-07,0.1532
2-Oct-07,0.1533
1-Oct-07,0.155
28-Sep-07,0.1555
27-Sep-07,0.1536
26-Sep-07,0.1529
25-Sep-07,0.1538
24-Sep-07,0.1535
21-Sep-07,0.1533
20-Sep-07,0.1527
19-Sep-07,0.1514
18-Sep-07,0.151
17-Sep-07,0.1493
14-Sep-07,0.1498
13-Sep-07,0.1497
12-Sep-07,0.1499
11-Sep-07,0.1483
10-Sep-07,0.1476
7-Sep-07,0.1471
6-Sep-07,0.1466
5-Sep-07,0.1454
4-Sep-07,0.1448
3-Sep-07,0.1449
31-Aug-07,0.145
30-Aug-07,0.1452
29-Aug-07,0.1461
28-Aug-07,0.1448
27-Aug-07,0.1455
24-Aug-07,0.1462
23-Aug-07,0.1447
22-Aug-07,0.1445
21-Aug-07,0.1434
20-Aug-07,0.144
17-Aug-07,0.1442
16-Aug-07,0.1432
15-Aug-07,0.1431
14-Aug-07,0.1449
13-Aug-07,0.1459
10-Aug-07,0.1476
9-Aug-07,0.1476
8-Aug-07,0.1492
7-Aug-07,0.1487
6-Aug-07,0.1496
3-Aug-07,0.1487
2-Aug-07,0.1488
1-Aug-07,0.1479
31-Jul-07,0.1485
30-Jul-07,0.1489
27-Jul-07,0.1482
26-Jul-07,0.1483
25-Jul-07,0.1488
24-Jul-07,0.1502
23-Jul-07,0.1503
20-Jul-07,0.1507
19-Jul-07,0.1504
18-Jul-07,0.1503
17-Jul-07,0.1504
16-Jul-07,0.1504
13-Jul-07,0.1504
12-Jul-07,0.1507
11-Jul-07,0.1501
10-Jul-07,0.1498
9-Jul-07,0.1482
6-Jul-07,0.1486
5-Jul-07,0.1485
4-Jul-07,0.1486
3-Jul-07,0.1478
2-Jul-07,0.1473
29-Jun-07,0.1465
28-Jun-07,0.1457
27-Jun-07,0.1454
26-Jun-07,0.145
25-Jun-07,0.1454
22-Jun-07,0.1457
21-Jun-07,0.1452
20-Jun-07,0.1447
19-Jun-07,0.1426
18-Jun-07,0.1424
15-Jun-07,0.1421
14-Jun-07,0.1411
13-Jun-07,0.1416
12-Jun-07,0.1412
11-Jun-07,0.1429
8-Jun-07,0.1432
7-Jun-07,0.1441
6-Jun-07,0.1448
5-Jun-07,0.145
4-Jun-07,0.1447
1-Jun-07,0.1443
31-May-07,0.1446
30-May-07,0.1442
29-May-07,0.1449
28-May-07,0.146
25-May-07,0.1461
24-May-07,0.1459
23-May-07,0.1464
22-May-07,0.1464
21-May-07,0.1459
18-May-07,0.1464
17-May-07,0.1462
16-May-07,0.1467
15-May-07,0.1477
14-May-07,0.1471
11-May-07,0.1466
10-May-07,0.1461
9-May-07,0.1469
8-May-07,0.1473
7-May-07,0.1482
4-May-07,0.1482
3-May-07,0.1481
2-May-07,0.1488
1-May-07,0.1488
30-Apr-07,0.1492
27-Apr-07,0.1495
26-Apr-07,0.1486
25-Apr-07,0.1487
24-Apr-07,0.1483
23-Apr-07,0.1477
20-Apr-07,0.1477
19-Apr-07,0.1478
18-Apr-07,0.1478
17-Apr-07,0.1475
16-Apr-07,0.1468
13-Apr-07,0.1459
12-Apr-07,0.1455
11-Apr-07,0.1449
10-Apr-07,0.1451
9-Apr-07,0.1439
6-Apr-07,0.144
5-Apr-07,0.1444
4-Apr-07,0.1438
3-Apr-07,0.1425
2-Apr-07,0.1425
30-Mar-07,0.1433
29-Mar-07,0.1429
28-Mar-07,0.1424
27-Mar-07,0.1434
26-Mar-07,0.1432
23-Mar-07,0.1428
22-Mar-07,0.1434
21-Mar-07,0.144
20-Mar-07,0.1433
19-Mar-07,0.1431
16-Mar-07,0.1435
15-Mar-07,0.1431
14-Mar-07,0.1425
13-Mar-07,0.1423
12-Mar-07,0.1419
9-Mar-07,0.1408
8-Mar-07,0.1413
7-Mar-07,0.1421
6-Mar-07,0.1417
5-Mar-07,0.1405
2-Mar-07,0.142
1-Mar-07,0.1417
28-Feb-07,0.1431
27-Feb-07,0.1431
26-Feb-07,0.1424
23-Feb-07,0.1416
22-Feb-07,0.1412
21-Feb-07,0.1413
20-Feb-07,0.1421
19-Feb-07,0.1425
16-Feb-07,0.1422
15-Feb-07,0.1422
14-Feb-07,0.1436
13-Feb-07,0.1424
12-Feb-07,0.1419
9-Feb-07,0.1427
8-Feb-07,0.1436
7-Feb-07,0.1427
6-Feb-07,0.1422
5-Feb-07,0.1416
2-Feb-07,0.143
1-Feb-07,0.1437
31-Jan-07,0.1439
30-Jan-07,0.1433
29-Jan-07,0.1432
26-Jan-07,0.142
25-Jan-07,0.1424
24-Jan-07,0.1426
23-Jan-07,0.1435
22-Jan-07,0.1419
19-Jan-07,0.1424
18-Jan-07,0.1421
17-Jan-07,0.1425
16-Jan-07,0.1427
15-Jan-07,0.1424
12-Jan-07,0.1422
11-Jan-07,0.141
10-Jan-07,0.1414
9-Jan-07,0.1424
8-Jan-07,0.1429
5-Jan-07,0.1436
4-Jan-07,0.144
3-Jan-07,0.1457
2-Jan-07,0.1471
1-Jan-07,0.1461
29-Dec-06,0.146
28-Dec-06,0.1453
27-Dec-06,0.1451
26-Dec-06,0.1452
25-Dec-06,0.1461
22-Dec-06,0.1459
21-Dec-06,0.1468
20-Dec-06,0.1463
19-Dec-06,0.1464
18-Dec-06,0.1447
15-Dec-06,0.1445
14-Dec-06,0.1452
13-Dec-06,0.1464
12-Dec-06,0.1472
11-Dec-06,0.1459
8-Dec-06,0.1456
7-Dec-06,0.1469
6-Dec-06,0.1465
5-Dec-06,0.1474
4-Dec-06,0.1474
1-Dec-06,0.1477
30-Nov-06,0.1459
29-Nov-06,0.1447
28-Nov-06,0.1454
27-Nov-06,0.1452
24-Nov-06,0.1448
23-Nov-06,0.1427
22-Nov-06,0.1427
21-Nov-06,0.141
20-Nov-06,0.1408
17-Nov-06,0.1413
16-Nov-06,0.1414
15-Nov-06,0.1416
14-Nov-06,0.1415
13-Nov-06,0.1407
10-Nov-06,0.1411
9-Nov-06,0.1411
8-Nov-06,0.1397
7-Nov-06,0.1397
6-Nov-06,0.1388
3-Nov-06,0.1389
2-Nov-06,0.139
1-Nov-06,0.1386
31-Oct-06,0.1385
30-Oct-06,0.138
27-Oct-06,0.1383
26-Oct-06,0.1376
25-Oct-06,0.1368
24-Oct-06,0.1365
23-Oct-06,0.1364
20-Oct-06,0.1368
19-Oct-06,0.1366
18-Oct-06,0.1355
17-Oct-06,0.1353
16-Oct-06,0.1352
13-Oct-06,0.1349
12-Oct-06,0.1356
11-Oct-06,0.1355
10-Oct-06,0.1352
9-Oct-06,0.1352
6-Oct-06,0.1357
5-Oct-06,0.137
4-Oct-06,0.1362
3-Oct-06,0.1364
2-Oct-06,0.1364
29-Sep-06,0.1365
28-Sep-06,0.1373
27-Sep-06,0.1366
26-Sep-06,0.1362
25-Sep-06,0.137
22-Sep-06,0.138
21-Sep-06,0.1381
20-Sep-06,0.1376
19-Sep-06,0.1376
18-Sep-06,0.1382
15-Sep-06,0.1373
14-Sep-06,0.1379
13-Sep-06,0.1373
12-Sep-06,0.1371
11-Sep-06,0.1368
8-Sep-06,0.1358
7-Sep-06,0.1363
6-Sep-06,0.1376
5-Sep-06,0.138
4-Sep-06,0.1382
1-Sep-06,0.1375
31-Aug-06,0.1379
30-Aug-06,0.1389
29-Aug-06,0.1389
28-Aug-06,0.138
25-Aug-06,0.1378
24-Aug-06,0.1388
23-Aug-06,0.1391
22-Aug-06,0.1392
21-Aug-06,0.14
18-Aug-06,0.1393
17-Aug-06,0.1398
16-Aug-06,0.1397
15-Aug-06,0.1387
14-Aug-06,0.1379
11-Aug-06,0.1383
10-Aug-06,0.1392
9-Aug-06,0.1404
8-Aug-06,0.1398
7-Aug-06,0.1397
4-Aug-06,0.1399
3-Aug-06,0.139
2-Aug-06,0.1392
1-Aug-06,0.1393
31-Jul-06,0.1386
28-Jul-06,0.1383
27-Jul-06,0.1376
26-Jul-06,0.1375
25-Jul-06,0.1359
24-Jul-06,0.1365
21-Jul-06,0.1372
20-Jul-06,0.1367
19-Jul-06,0.1363
18-Jul-06,0.135
17-Jul-06,0.1356
14-Jul-06,0.1375
13-Jul-06,0.138
12-Jul-06,0.1382
11-Jul-06,0.1394
10-Jul-06,0.1389
7-Jul-06,0.14
6-Jul-06,0.1395
5-Jul-06,0.1385
4-Jul-06,0.1396
3-Jul-06,0.1392
30-Jun-06,0.1388
29-Jun-06,0.1371
28-Jun-06,0.1363
27-Jun-06,0.1358
26-Jun-06,0.1366
23-Jun-06,0.1356
22-Jun-06,0.1362
21-Jun-06,0.1374
20-Jun-06,0.1363
19-Jun-06,0.1355
16-Jun-06,0.1363
15-Jun-06,0.1361
14-Jun-06,0.136
13-Jun-06,0.1355
12-Jun-06,0.136
9-Jun-06,0.1372
8-Jun-06,0.1371
7-Jun-06,0.1388
6-Jun-06,0.1391
5-Jun-06,0.1405
2-Jun-06,0.1402
1-Jun-06,0.1386
31-May-06,0.1382
30-May-06,0.139
29-May-06,0.1373
26-May-06,0.1368
25-May-06,0.1375
24-May-06,0.137
23-May-06,0.1373
22-May-06,0.1379
19-May-06,0.1364
18-May-06,0.1376
17-May-06,0.1352
16-May-06,0.1367
15-May-06,0.1358
12-May-06,0.1381
11-May-06,0.1371
10-May-06,0.1372
9-May-06,0.137
8-May-06,0.1363
5-May-06,0.1366
4-May-06,0.1362
3-May-06,0.1357
2-May-06,0.1351
1-May-06,0.1355
28-Apr-06,0.136
27-Apr-06,0.1348
26-Apr-06,0.1335
25-Apr-06,0.1335
24-Apr-06,0.1327
21-Apr-06,0.1323
20-Apr-06,0.1326
19-Apr-06,0.1335
18-Apr-06,0.1328
17-Apr-06,0.1319
14-Apr-06,0.1301
13-Apr-06,0.1302
12-Apr-06,0.1296
11-Apr-06,0.1302
10-Apr-06,0.1294
7-Apr-06,0.1293
6-Apr-06,0.131
5-Apr-06,0.1316
4-Apr-06,0.1307
3-Apr-06,0.129
31-Mar-06,0.1284
30-Mar-06,0.1293
29-Mar-06,0.1276
28-Mar-06,0.128
27-Mar-06,0.1285
24-Mar-06,0.1288
23-Mar-06,0.1281
22-Mar-06,0.1291
21-Mar-06,0.129
20-Mar-06,0.1302
17-Mar-06,0.1307
16-Mar-06,0.1303
15-Mar-06,0.1287
14-Mar-06,0.1281
13-Mar-06,0.1276
10-Mar-06,0.127
9-Mar-06,0.1265
8-Mar-06,0.1261
7-Mar-06,0.1256
6-Mar-06,0.1273
3-Mar-06,0.1273
2-Mar-06,0.1274
1-Mar-06,0.1261
28-Feb-06,0.1264
27-Feb-06,0.1254
24-Feb-06,0.126
23-Feb-06,0.1269
22-Feb-06,0.1271
21-Feb-06,0.1269
20-Feb-06,0.1275
17-Feb-06,0.1273
16-Feb-06,0.1268
15-Feb-06,0.1274
14-Feb-06,0.1279
13-Feb-06,0.1273
10-Feb-06,0.128
9-Feb-06,0.1293
8-Feb-06,0.1288
7-Feb-06,0.1287
6-Feb-06,0.1283
3-Feb-06,0.1296
2-Feb-06,0.1301
1-Feb-06,0.1303
31-Jan-06,0.1316
30-Jan-06,0.131
27-Jan-06,0.131
26-Jan-06,0.1321
25-Jan-06,0.1319
24-Jan-06,0.1325
23-Jan-06,0.1331
20-Jan-06,0.1306
19-Jan-06,0.1295
18-Jan-06,0.1298
17-Jan-06,0.13
16-Jan-06,0.1298
13-Jan-06,0.1301
12-Jan-06,0.1292
11-Jan-06,0.1297
10-Jan-06,0.1289
9-Jan-06,0.1295
6-Jan-06,0.1305
5-Jan-06,0.1296
4-Jan-06,0.13
3-Jan-06,0.1283
2-Jan-06,0.1257
30-Dec-05,0.1259
29-Dec-05,0.1259
28-Dec-05,0.1258
27-Dec-05,0.1251
26-Dec-05,0.1254
23-Dec-05,0.1256
22-Dec-05,0.1254
21-Dec-05,0.1254
20-Dec-05,0.1257
19-Dec-05,0.1275
16-Dec-05,0.1269
15-Dec-05,0.1266
14-Dec-05,0.1271
13-Dec-05,0.1265
12-Dec-05,0.1266
9-Dec-05,0.1254
8-Dec-05,0.1253
7-Dec-05,0.1247
6-Dec-05,0.1255
5-Dec-05,0.1248
2-Dec-05,0.1242
1-Dec-05,0.1235
30-Nov-05,0.1238
29-Nov-05,0.124
28-Nov-05,0.1254
25-Nov-05,0.1237
24-Nov-05,0.1242
23-Nov-05,0.1243
22-Nov-05,0.1236
21-Nov-05,0.1225
18-Nov-05,0.1227
17-Nov-05,0.1222
16-Nov-05,0.1214
15-Nov-05,0.1217
14-Nov-05,0.122
11-Nov-05,0.1225
10-Nov-05,0.1215
9-Nov-05,0.1224
8-Nov-05,0.1234
7-Nov-05,0.1229
4-Nov-05,0.1232
3-Nov-05,0.1242
2-Nov-05,0.1253
1-Nov-05,0.1252
31-Oct-05,0.1257
28-Oct-05,0.1264
27-Oct-05,0.1274
26-Oct-05,0.1268
25-Oct-05,0.1274
24-Oct-05,0.1256
21-Oct-05,0.1255
20-Oct-05,0.1267
19-Oct-05,0.127
18-Oct-05,0.1265
17-Oct-05,0.1271
14-Oct-05,0.1276
13-Oct-05,0.1276
12-Oct-05,0.1285
11-Oct-05,0.1283
10-Oct-05,0.1293
7-Oct-05,0.1298
6-Oct-05,0.1305
5-Oct-05,0.1288
4-Oct-05,0.128
3-Oct-05,0.1281
30-Sep-05,0.1291
29-Sep-05,0.129
28-Sep-05,0.1283
27-Sep-05,0.1279
26-Sep-05,0.1285
23-Sep-05,0.1283
22-Sep-05,0.1298
21-Sep-05,0.1308
20-Sep-05,0.1298
19-Sep-05,0.1301
16-Sep-05,0.1308
15-Sep-05,0.1308
14-Sep-05,0.1316
13-Sep-05,0.1315
12-Sep-05,0.1323
9-Sep-05,0.1334
8-Sep-05,0.1328
7-Sep-05,0.1333
6-Sep-05,0.134
5-Sep-05,0.1348
2-Sep-05,0.1351
1-Sep-05,0.1341
31-Aug-05,0.1323
30-Aug-05,0.1306
29-Aug-05,0.1311
26-Aug-05,0.1318
25-Aug-05,0.1318
24-Aug-05,0.1315
23-Aug-05,0.1308
22-Aug-05,0.1305
19-Aug-05,0.13
18-Aug-05,0.1306
17-Aug-05,0.1316
16-Aug-05,0.1326
15-Aug-05,0.1331
12-Aug-05,0.1337
11-Aug-05,0.1341
10-Aug-05,0.1326
9-Aug-05,0.1323
8-Aug-05,0.1322
5-Aug-05,0.1323
4-Aug-05,0.1326
3-Aug-05,0.1315
2-Aug-05,0.1303
1-Aug-05,0.1295
29-Jul-05,0.129
28-Jul-05,0.129
27-Jul-05,0.1275
26-Jul-05,0.127
25-Jul-05,0.128
22-Jul-05,0.1278
21-Jul-05,0.1285
20-Jul-05,0.1281
19-Jul-05,0.1278
18-Jul-05,0.1279
15-Jul-05,0.1281
14-Jul-05,0.1286
13-Jul-05,0.1293
12-Jul-05,0.1298
11-Jul-05,0.1275
8-Jul-05,0.1269
7-Jul-05,0.1268
6-Jul-05,0.127
5-Jul-05,0.1266
4-Jul-05,0.1256
1-Jul-05,0.1263
30-Jun-05,0.128
29-Jun-05,0.1278
28-Jun-05,0.1281
27-Jun-05,0.1293
24-Jun-05,0.1288
23-Jun-05,0.1283
22-Jun-05,0.13
21-Jun-05,0.1318
20-Jun-05,0.1315
17-Jun-05,0.1333
16-Jun-05,0.1306
15-Jun-05,0.1306
14-Jun-05,0.1295
13-Jun-05,0.1305
10-Jun-05,0.1313
9-Jun-05,0.133
8-Jun-05,0.1331
7-Jun-05,0.1345
6-Jun-05,0.1341
3-Jun-05,0.1338
2-Jun-05,0.1344
1-Jun-05,0.1333
31-May-05,0.1343
30-May-05,0.136
27-May-05,0.137
26-May-05,0.136
25-May-05,0.1371
24-May-05,0.1372
23-May-05,0.1371
20-May-05,0.1369
19-May-05,0.1375
18-May-05,0.1381
17-May-05,0.137
16-May-05,0.1371
13-May-05,0.1371
12-May-05,0.1373
11-May-05,0.1387
10-May-05,0.1399
9-May-05,0.1402
6-May-05,0.1397
5-May-05,0.1414
4-May-05,0.1411
3-May-05,0.1399
2-May-05,0.1397
29-Apr-05,0.1401
28-Apr-05,0.1408
27-Apr-05,0.1414
26-Apr-05,0.1419
25-Apr-05,0.1422
22-Apr-05,0.1427
21-Apr-05,0.1422
20-Apr-05,0.1425
19-Apr-05,0.1423
18-Apr-05,0.1414
15-Apr-05,0.1408
14-Apr-05,0.1395
13-Apr-05,0.1411
12-Apr-05,0.1414
11-Apr-05,0.1417
8-Apr-05,0.1411
7-Apr-05,0.1405
6-Apr-05,0.1406
5-Apr-05,0.1401
4-Apr-05,0.14
1-Apr-05,0.1407
31-Mar-05,0.1415
30-Mar-05,0.1416
29-Mar-05,0.1415
28-Mar-05,0.1415
25-Mar-05,0.1419
24-Mar-05,0.142
23-Mar-05,0.1424
22-Mar-05,0.1432
21-Mar-05,0.1442
18-Mar-05,0.1459
17-Mar-05,0.1471
16-Mar-05,0.1475
15-Mar-05,0.1464
14-Mar-05,0.1469
11-Mar-05,0.1482
10-Mar-05,0.148
9-Mar-05,0.1478
8-Mar-05,0.1478
7-Mar-05,0.1462
4-Mar-05,0.1465
3-Mar-05,0.1449
2-Mar-05,0.1448
1-Mar-05,0.1455
28-Feb-05,0.1462
25-Feb-05,0.1461
24-Feb-05,0.1455
23-Feb-05,0.1454
22-Feb-05,0.1456
21-Feb-05,0.1434
18-Feb-05,0.1434
17-Feb-05,0.1437
16-Feb-05,0.1435
15-Feb-05,0.1435
14-Feb-05,0.1428
11-Feb-05,0.1414
10-Feb-05,0.1415
9-Feb-05,0.1411
8-Feb-05,0.1406
7-Feb-05,0.1404
4-Feb-05,0.1417
3-Feb-05,0.1428
2-Feb-05,0.1436
1-Feb-05,0.1436
31-Jan-05,0.1431
28-Jan-05,0.1432
27-Jan-05,0.1434
26-Jan-05,0.1441
25-Jan-05,0.1428
24-Jan-05,0.1439
21-Jan-05,0.1439
20-Jan-05,0.1432
19-Jan-05,0.1441
18-Jan-05,0.1442
17-Jan-05,0.1443
14-Jan-05,0.1447
13-Jan-05,0.1459
12-Jan-05,0.1466
11-Jan-05,0.1452
10-Jan-05,0.1447
7-Jan-05,0.1444
6-Jan-05,0.1454
5-Jan-05,0.1469
4-Jan-05,0.1466
3-Jan-05,0.1491
31-Dec-04,0.1502
30-Dec-04,0.1512
29-Dec-04,0.1511
28-Dec-04,0.1515
27-Dec-04,0.1512
24-Dec-04,0.1498
23-Dec-04,0.1496
22-Dec-04,0.1482
21-Dec-04,0.1487
20-Dec-04,0.1497
17-Dec-04,0.1482
16-Dec-04,0.1472
15-Dec-04,0.1492
14-Dec-04,0.1482
13-Dec-04,0.1487
10-Dec-04,0.1474
9-Dec-04,0.1483
8-Dec-04,0.1487
7-Dec-04,0.1506
6-Dec-04,0.1506
3-Dec-04,0.1512
2-Dec-04,0.1477
1-Dec-04,0.1485
30-Nov-04,0.1488
29-Nov-04,0.1491
26-Nov-04,0.1489
25-Nov-04,0.1484
24-Nov-04,0.1474
23-Nov-04,0.146
22-Nov-04,0.1454
19-Nov-04,0.1452
18-Nov-04,0.1444
17-Nov-04,0.1452
16-Nov-04,0.1447
15-Nov-04,0.1447
12-Nov-04,0.1447
11-Nov-04,0.1433
10-Nov-04,0.1424
9-Nov-04,0.1416
8-Nov-04,0.1421
5-Nov-04,0.1426
4-Nov-04,0.1416
3-Nov-04,0.1414
2-Nov-04,0.1404
1-Nov-04,0.1409
29-Oct-04,0.1413
28-Oct-04,0.1409
27-Oct-04,0.1408
26-Oct-04,0.1413
25-Oct-04,0.1412
22-Oct-04,0.1394
21-Oct-04,0.1389
20-Oct-04,0.1389
19-Oct-04,0.1379
18-Oct-04,0.1376
15-Oct-04,0.1371
14-Oct-04,0.1362
13-Oct-04,0.1364
12-Oct-04,0.1359
11-Oct-04,0.1369
8-Oct-04,0.1368
7-Oct-04,0.1358
6-Oct-04,0.1361
5-Oct-04,0.1361
4-Oct-04,0.1358
1-Oct-04,0.1376
30-Sep-04,0.1373
29-Sep-04,0.1361
28-Sep-04,0.136
27-Sep-04,0.1359
24-Sep-04,0.1358
23-Sep-04,0.1359
22-Sep-04,0.1353
21-Sep-04,0.1362
20-Sep-04,0.1343
17-Sep-04,0.1336
16-Sep-04,0.1336
15-Sep-04,0.1331
14-Sep-04,0.1346
13-Sep-04,0.1348
10-Sep-04,0.1348
9-Sep-04,0.1342
8-Sep-04,0.1337
7-Sep-04,0.133
6-Sep-04,0.1321
3-Sep-04,0.1321
2-Sep-04,0.1335
1-Sep-04,0.1336
31-Aug-04,0.1333
30-Aug-04,0.1321
27-Aug-04,0.1316
26-Aug-04,0.1325
25-Aug-04,0.1319
24-Aug-04,0.1318
23-Aug-04,0.1322
20-Aug-04,0.1339
19-Aug-04,0.1342
18-Aug-04,0.1338
17-Aug-04,0.1339
16-Aug-04,0.1339
13-Aug-04,0.1341
12-Aug-04,0.1331
11-Aug-04,0.1328
10-Aug-04,0.1331
9-Aug-04,0.1336
6-Aug-04,0.1338
5-Aug-04,0.1312
4-Aug-04,0.131
3-Aug-04,0.131
2-Aug-04,0.1305
30-Jul-04,0.1303
29-Jul-04,0.1303
28-Jul-04,0.1306
27-Jul-04,0.1309
26-Jul-04,0.1319
23-Jul-04,0.1313
22-Jul-04,0.1333
21-Jul-04,0.1335
20-Jul-04,0.1339
19-Jul-04,0.1353
16-Jul-04,0.1354
15-Jul-04,0.1345
14-Jul-04,0.1346
13-Jul-04,0.1338
12-Jul-04,0.1349
9-Jul-04,0.135
8-Jul-04,0.1349
7-Jul-04,0.1347
6-Jul-04,0.1336
5-Jul-04,0.1337
2-Jul-04,0.1341
1-Jul-04,0.1326
30-Jun-04,0.1329
29-Jun-04,0.1323
28-Jun-04,0.1333
25-Jun-04,0.133
24-Jun-04,0.1328
23-Jun-04,0.1318
22-Jun-04,0.1323
21-Jun-04,0.1324
18-Jun-04,0.1325
17-Jun-04,0.1316
16-Jun-04,0.1311
15-Jun-04,0.1327
14-Jun-04,0.1314
11-Jun-04,0.1311
10-Jun-04,0.1323
9-Jun-04,0.1321
8-Jun-04,0.1348
7-Jun-04,0.1352
4-Jun-04,0.1344
3-Jun-04,0.1336
2-Jun-04,0.1339
1-Jun-04,0.1345
31-May-04,0.1339
28-May-04,0.1342
27-May-04,0.1347
26-May-04,0.1331
25-May-04,0.1326
24-May-04,0.1317
21-May-04,0.1323
20-May-04,0.1316
19-May-04,0.132
18-May-04,0.1308
17-May-04,0.1307
14-May-04,0.1296
13-May-04,0.1293
12-May-04,0.13
11-May-04,0.1293
10-May-04,0.129
7-May-04,0.1307
6-May-04,0.1325
5-May-04,0.1333
4-May-04,0.1323
3-May-04,0.1303
30-Apr-04,0.1308
29-Apr-04,0.131
28-Apr-04,0.13
27-Apr-04,0.1309
26-Apr-04,0.13
23-Apr-04,0.1295
22-Apr-04,0.1302
21-Apr-04,0.1292
20-Apr-04,0.1293
19-Apr-04,0.1305
16-Apr-04,0.1302
15-Apr-04,0.1304
14-Apr-04,0.1301
13-Apr-04,0.1303
12-Apr-04,0.1317
9-Apr-04,0.132
8-Apr-04,0.1318
7-Apr-04,0.1327
6-Apr-04,0.1316
5-Apr-04,0.1307
2-Apr-04,0.1315
1-Apr-04,0.134
31-Mar-04,0.1326
30-Mar-04,0.1313
29-Mar-04,0.1311
26-Mar-04,0.131
25-Mar-04,0.1308
24-Mar-04,0.1308
23-Mar-04,0.1336
22-Mar-04,0.1338
19-Mar-04,0.1328
18-Mar-04,0.1339
17-Mar-04,0.1323
16-Mar-04,0.1326
15-Mar-04,0.1328
12-Mar-04,0.1318
11-Mar-04,0.1343
10-Mar-04,0.1333
9-Mar-04,0.1345
8-Mar-04,0.1356
5-Mar-04,0.135
4-Mar-04,0.1325
3-Mar-04,0.1321
2-Mar-04,0.1321
1-Mar-04,0.1346
27-Feb-04,0.1352
26-Feb-04,0.1346
25-Feb-04,0.1352
24-Feb-04,0.1376
23-Feb-04,0.1365
20-Feb-04,0.1365
19-Feb-04,0.1384
18-Feb-04,0.1382
17-Feb-04,0.1397
16-Feb-04,0.139
13-Feb-04,0.1395
12-Feb-04,0.1399
11-Feb-04,0.1406
10-Feb-04,0.1394
9-Feb-04,0.1392
6-Feb-04,0.1393
5-Feb-04,0.1363
4-Feb-04,0.1365
3-Feb-04,0.1362
2-Feb-04,0.1353
30-Jan-04,0.1355
29-Jan-04,0.1355
28-Jan-04,0.1368
27-Jan-04,0.1382
26-Jan-04,0.1359
23-Jan-04,0.1376
22-Jan-04,0.1394
21-Jan-04,0.1386
20-Jan-04,0.1373
19-Jan-04,0.1348
16-Jan-04,0.135
15-Jan-04,0.1371
14-Jan-04,0.1378
13-Jan-04,0.1396
12-Jan-04,0.1396
9-Jan-04,0.1408
8-Jan-04,0.1402
7-Jan-04,0.1391
6-Jan-04,0.1397
5-Jan-04,0.1394
2-Jan-04,0.1391
1-Jan-04,0.1384
31-Dec-03,0.1389
30-Dec-03,0.1381
29-Dec-03,0.1375
26-Dec-03,0.1365
25-Dec-03,0.1371
24-Dec-03,0.1374
23-Dec-03,0.1366
22-Dec-03,0.1362
19-Dec-03,0.1365
18-Dec-03,0.1371
17-Dec-03,0.1373
16-Dec-03,0.1365
15-Dec-03,0.1365
12-Dec-03,0.1371
11-Dec-03,0.1358
10-Dec-03,0.1365
9-Dec-03,0.1372
8-Dec-03,0.1366
5-Dec-03,0.1358
4-Dec-03,0.1348
3-Dec-03,0.1349
2-Dec-03,0.1341
1-Dec-03,0.1328
28-Nov-03,0.1325
27-Nov-03,0.132
26-Nov-03,0.1324
25-Nov-03,0.1313
24-Nov-03,0.1313
21-Nov-03,0.1331
20-Nov-03,0.1326
19-Nov-03,0.1323
18-Nov-03,0.1335
17-Nov-03,0.131
14-Nov-03,0.1315
13-Nov-03,0.131
12-Nov-03,0.1298
11-Nov-03,0.1281
10-Nov-03,0.128
7-Nov-03,0.1285
6-Nov-03,0.1269
5-Nov-03,0.1268
4-Nov-03,0.1274
3-Nov-03,0.1265
31-Oct-03,0.1276
30-Oct-03,0.1285
29-Oct-03,0.1295
28-Oct-03,0.1288
27-Oct-03,0.1295
24-Oct-03,0.1297
23-Oct-03,0.1302
22-Oct-03,0.1308
21-Oct-03,0.129
20-Oct-03,0.1282
17-Oct-03,0.1294
16-Oct-03,0.1292
15-Oct-03,0.1301
14-Oct-03,0.131
13-Oct-03,0.1302
10-Oct-03,0.1312
9-Oct-03,0.1308
8-Oct-03,0.1318
7-Oct-03,0.1316
6-Oct-03,0.1311
3-Oct-03,0.1288
2-Oct-03,0.1301
1-Oct-03,0.1297
30-Sep-03,0.129
29-Sep-03,0.1296
26-Sep-03,0.128
25-Sep-03,0.1288
24-Sep-03,0.1299
23-Sep-03,0.1281
22-Sep-03,0.1266
19-Sep-03,0.126
18-Sep-03,0.1243
17-Sep-03,0.125
16-Sep-03,0.1229
15-Sep-03,0.1233
12-Sep-03,0.1238
11-Sep-03,0.1233
10-Sep-03,0.1227
9-Sep-03,0.1226
8-Sep-03,0.1214
5-Sep-03,0.1219
4-Sep-03,0.12
3-Sep-03,0.119
2-Sep-03,0.1179
1-Sep-03,0.1195
29-Aug-03,0.1195
28-Aug-03,0.1182
27-Aug-03,0.1178
26-Aug-03,0.1171
25-Aug-03,0.1174
22-Aug-03,0.1179
21-Aug-03,0.1187
20-Aug-03,0.1203
19-Aug-03,0.12
18-Aug-03,0.1203
15-Aug-03,0.1217
14-Aug-03,0.1225
13-Aug-03,0.1229
12-Aug-03,0.1224
11-Aug-03,0.1227
8-Aug-03,0.123
7-Aug-03,0.1235
6-Aug-03,0.1229
5-Aug-03,0.1232
4-Aug-03,0.1227
1-Aug-03,0.1222
31-Jul-03,0.1217
30-Jul-03,0.124
29-Jul-03,0.1243
28-Jul-03,0.125
25-Jul-03,0.1253
24-Jul-03,0.1245
23-Jul-03,0.1246
22-Jul-03,0.1221
21-Jul-03,0.1222
18-Jul-03,0.1215
17-Jul-03,0.1213
16-Jul-03,0.1223
15-Jul-03,0.1222
14-Jul-03,0.1232
11-Jul-03,0.1232
10-Jul-03,0.1244
9-Jul-03,0.1241
8-Jul-03,0.1237
7-Jul-03,0.1228
4-Jul-03,0.1248
3-Jul-03,0.1255
2-Jul-03,0.1256
1-Jul-03,0.1256
30-Jun-03,0.1255
27-Jun-03,0.1245
26-Jun-03,0.1244
25-Jun-03,0.126
24-Jun-03,0.1256
23-Jun-03,0.1268
20-Jun-03,0.1279
19-Jun-03,0.129
18-Jun-03,0.1291
17-Jun-03,0.1303
16-Jun-03,0.1303
13-Jun-03,0.1307
12-Jun-03,0.1297
11-Jun-03,0.129
10-Jun-03,0.128
9-Jun-03,0.1285
6-Jun-03,0.1283
5-Jun-03,0.1298
4-Jun-03,0.1276
3-Jun-03,0.1286
2-Jun-03,0.129
30-May-03,0.1291
29-May-03,0.1299
28-May-03,0.1287
27-May-03,0.1287
26-May-03,0.129
23-May-03,0.1288
22-May-03,0.1276
21-May-03,0.127
20-May-03,0.1275
19-May-03,0.1272
16-May-03,0.1265
15-May-03,0.1243
14-May-03,0.1251
13-May-03,0.1256
12-May-03,0.1259
9-May-03,0.125
8-May-03,0.1257
7-May-03,0.1247
6-May-03,0.1259
5-May-03,0.1243
2-May-03,0.1235
1-May-03,0.123
30-Apr-03,0.1227
29-Apr-03,0.1215
28-Apr-03,0.12
25-Apr-03,0.1212
24-Apr-03,0.1212
23-Apr-03,0.1203
22-Apr-03,0.1202
21-Apr-03,0.119
18-Apr-03,0.1184
17-Apr-03,0.1189
16-Apr-03,0.1192
15-Apr-03,0.1179
14-Apr-03,0.1179
11-Apr-03,0.1177
10-Apr-03,0.1179
9-Apr-03,0.1177
8-Apr-03,0.1172
7-Apr-03,0.1164
4-Apr-03,0.1167
3-Apr-03,0.1169
2-Apr-03,0.1166
1-Apr-03,0.1182
31-Mar-03,0.1184
28-Mar-03,0.1169
27-Mar-03,0.1158
26-Mar-03,0.1155
25-Mar-03,0.1152
24-Mar-03,0.1155
21-Mar-03,0.1149
20-Mar-03,0.1159
19-Mar-03,0.1149
18-Mar-03,0.1152
17-Mar-03,0.1154
14-Mar-03,0.1164
13-Mar-03,0.1169
12-Mar-03,0.1185
11-Mar-03,0.1187
10-Mar-03,0.1195
7-Mar-03,0.1194
6-Mar-03,0.1193
5-Mar-03,0.1192
4-Mar-03,0.1187
3-Mar-03,0.1182
28-Feb-03,0.1177
27-Feb-03,0.1179
26-Feb-03,0.1186
25-Feb-03,0.1179
24-Feb-03,0.1183
21-Feb-03,0.1181
20-Feb-03,0.1185
19-Feb-03,0.118
18-Feb-03,0.1172
17-Feb-03,0.1179
14-Feb-03,0.1184
13-Feb-03,0.1189
12-Feb-03,0.1173
11-Feb-03,0.1171
10-Feb-03,0.1172
7-Feb-03,0.1182
6-Feb-03,0.1177
5-Feb-03,0.1169
4-Feb-03,0.1177
3-Feb-03,0.1167
31-Jan-03,0.1166
30-Jan-03,0.1177
29-Jan-03,0.1177
28-Jan-03,0.1171
27-Jan-03,0.1174
24-Jan-03,0.1172
23-Jan-03,0.1162
22-Jan-03,0.1159
21-Jan-03,0.116
20-Jan-03,0.1162
17-Jan-03,0.1162
16-Jan-03,0.1157
15-Jan-03,0.1152
14-Jan-03,0.1152
13-Jan-03,0.115
10-Jan-03,0.1154
9-Jan-03,0.1149
8-Jan-03,0.1154
7-Jan-03,0.1149
6-Jan-03,0.1154
3-Jan-03,0.1146
2-Jan-03,0.1136
31-Dec-02,0.1151
30-Dec-02,0.1144
27-Dec-02,0.1137
26-Dec-02,0.1134
25-Dec-02,0.1131
24-Dec-02,0.1129
23-Dec-02,0.1124
20-Dec-02,0.1129
19-Dec-02,0.1127
18-Dec-02,0.1127
17-Dec-02,0.1132
16-Dec-02,0.1126
13-Dec-02,0.1121
12-Dec-02,0.1118
11-Dec-02,0.1111
10-Dec-02,0.1111
9-Dec-02,0.1112
6-Dec-02,0.1114
5-Dec-02,0.1106
4-Dec-02,0.1104
3-Dec-02,0.1102
2-Dec-02,0.1106
29-Nov-02,0.1104
28-Nov-02,0.1094
27-Nov-02,0.1091
26-Nov-02,0.1094
25-Nov-02,0.1099
22-Nov-02,0.1109
21-Nov-02,0.1114
20-Nov-02,0.1104
19-Nov-02,0.1106
18-Nov-02,0.1112
15-Nov-02,0.1114
14-Nov-02,0.1104
13-Nov-02,0.1111
12-Nov-02,0.1117
11-Nov-02,0.1111
8-Nov-02,0.1114
7-Nov-02,0.1106
6-Nov-02,0.1099
5-Nov-02,0.1094
4-Nov-02,0.1096
1-Nov-02,0.1098
31-Oct-02,0.1092
30-Oct-02,0.1086
29-Oct-02,0.1081
28-Oct-02,0.1082
25-Oct-02,0.1073
24-Oct-02,0.1069
23-Oct-02,0.1069
22-Oct-02,0.1069
21-Oct-02,0.1074
18-Oct-02,0.1069
17-Oct-02,0.1064
16-Oct-02,0.1081
15-Oct-02,0.1079
14-Oct-02,0.1084
11-Oct-02,0.1084
10-Oct-02,0.1079
9-Oct-02,0.1078
8-Oct-02,0.1069
7-Oct-02,0.1084
4-Oct-02,0.1079
3-Oct-02,0.1087
2-Oct-02,0.1086
1-Oct-02,0.1086
30-Sep-02,0.1081
27-Sep-02,0.1079
26-Sep-02,0.1068
25-Sep-02,0.1066
24-Sep-02,0.1079
23-Sep-02,0.1079
20-Sep-02,0.1087
19-Sep-02,0.1084
18-Sep-02,0.1074
17-Sep-02,0.1066
16-Sep-02,0.1064
13-Sep-02,0.1053
12-Sep-02,0.1066
11-Sep-02,0.1064
10-Sep-02,0.1061
9-Sep-02,0.1066
6-Sep-02,0.1068
5-Sep-02,0.1071
4-Sep-02,0.1069
3-Sep-02,0.1066
2-Sep-02,0.1064
30-Aug-02,0.1066
29-Aug-02,0.1074
28-Aug-02,0.1071
27-Aug-02,0.1078
26-Aug-02,0.1064
23-Aug-02,0.1056
22-Aug-02,0.1055
21-Aug-02,0.1074
20-Aug-02,0.1066
19-Aug-02,0.1059
16-Aug-02,0.1068
15-Aug-02,0.1061
14-Aug-02,0.1063
13-Aug-02,0.1063
12-Aug-02,0.1058
9-Aug-02,0.1043
8-Aug-02,0.1041
7-Aug-02,0.1046
6-Aug-02,0.1033
5-Aug-02,0.1038
2-Aug-02,0.1041
1-Aug-02,0.1043
31-Jul-02,0.1056
30-Jul-02,0.1063
29-Jul-02,0.1058
26-Jul-02,0.1061
25-Jul-02,0.1064
24-Jul-02,0.1053
23-Jul-02,0.1043
22-Jul-02,0.1056
19-Jul-02,0.1078
18-Jul-02,0.1086
17-Jul-02,0.1083
16-Jul-02,0.1084
15-Jul-02,0.1084
12-Jul-02,0.1073
11-Jul-02,0.1064
10-Jul-02,0.1063
9-Jul-02,0.1078
8-Jul-02,0.1081
5-Jul-02,0.1064
4-Jul-02,0.1073
3-Jul-02,0.1076
2-Jul-02,0.1088
1-Jul-02,0.1091
28-Jun-02,0.1091
27-Jun-02,0.1088
26-Jun-02,0.1079
25-Jun-02,0.1079
24-Jun-02,0.1074
21-Jun-02,0.1071
20-Jun-02,0.1066
19-Jun-02,0.1054
18-Jun-02,0.1049
17-Jun-02,0.1045
14-Jun-02,0.1036
13-Jun-02,0.1031
12-Jun-02,0.1031
11-Jun-02,0.1036
10-Jun-02,0.1028
7-Jun-02,0.1023
6-Jun-02,0.1033
5-Jun-02,0.1029
4-Jun-02,0.1029
3-Jun-02,0.1033
31-May-02,0.1026
30-May-02,0.1026
29-May-02,0.1021
28-May-02,0.1013
27-May-02,0.1008
24-May-02,0.1008
23-May-02,0.1011
22-May-02,0.1013
21-May-02,0.1003
20-May-02,0.1001
17-May-02,0.1
16-May-02,0.0988
15-May-02,0.0988
14-May-02,0.0977
13-May-02,0.0977
10-May-02,0.0978
9-May-02,0.0977
8-May-02,0.0973
7-May-02,0.0977
6-May-02,0.0988
3-May-02,0.0988
2-May-02,0.0976
1-May-02,0.098
30-Apr-02,0.0975
29-Apr-02,0.098
26-Apr-02,0.0978
25-Apr-02,0.0973
24-Apr-02,0.097
23-Apr-02,0.0968
22-Apr-02,0.0968
19-Apr-02,0.0975
18-Apr-02,0.097
17-Apr-02,0.0975
16-Apr-02,0.0963
15-Apr-02,0.0965
12-Apr-02,0.0968
11-Apr-02,0.097
10-Apr-02,0.0968
9-Apr-02,0.0968
8-Apr-02,0.0964
5-Apr-02,0.0973
4-Apr-02,0.097
3-Apr-02,0.097
2-Apr-02,0.0973
1-Apr-02,0.0977
29-Mar-02,0.0965
28-Mar-02,0.0965
27-Mar-02,0.0966
26-Mar-02,0.0972
25-Mar-02,0.0974
22-Mar-02,0.0973
21-Mar-02,0.0978
20-Mar-02,0.0982
19-Mar-02,0.0977
18-Mar-02,0.0973
15-Mar-02,0.0967
14-Mar-02,0.0968
13-Mar-02,0.096
12-Mar-02,0.0963
11-Mar-02,0.0965
8-Mar-02,0.0961
7-Mar-02,0.0974
6-Mar-02,0.0969
5-Mar-02,0.0968
4-Mar-02,0.096
1-Mar-02,0.0952
28-Feb-02,0.0958
27-Feb-02,0.0952
26-Feb-02,0.0952
25-Feb-02,0.0956
22-Feb-02,0.0956
21-Feb-02,0.095
20-Feb-02,0.0945
19-Feb-02,0.0952
18-Feb-02,0.0947
15-Feb-02,0.0951
14-Feb-02,0.0948
13-Feb-02,0.0944
12-Feb-02,0.0947
11-Feb-02,0.0948
8-Feb-02,0.0945
7-Feb-02,0.0943
6-Feb-02,0.0942
5-Feb-02,0.0941
4-Feb-02,0.0941
1-Feb-02,0.0938
31-Jan-02,0.0937
30-Jan-02,0.0937
29-Jan-02,0.0937
28-Jan-02,0.0933
25-Jan-02,0.0938
24-Jan-02,0.095
23-Jan-02,0.095
22-Jan-02,0.0955
21-Jan-02,0.0958
18-Jan-02,0.0956
17-Jan-02,0.0953
16-Jan-02,0.0955
15-Jan-02,0.096
14-Jan-02,0.0967
11-Jan-02,0.0973
10-Jan-02,0.0973
9-Jan-02,0.0963
8-Jan-02,0.0963
7-Jan-02,0.0968
4-Jan-02,0.097
3-Jan-02,0.0973
2-Jan-02,0.0975
31-Dec-01,0.0956
28-Dec-01,0.095
27-Dec-01,0.0935
26-Dec-01,0.0927
25-Dec-01,0.0925
24-Dec-01,0.0925
21-Dec-01,0.0937
20-Dec-01,0.0945
19-Dec-01,0.0953
18-Dec-01,0.0954
17-Dec-01,0.0955
14-Dec-01,0.0948
13-Dec-01,0.095
12-Dec-01,0.0956
11-Dec-01,0.0952
10-Dec-01,0.0953
7-Dec-01,0.0955
6-Dec-01,0.0953
5-Dec-01,0.0947
4-Dec-01,0.094
3-Dec-01,0.0934
30-Nov-01,0.0938
29-Nov-01,0.0938
28-Nov-01,0.0938
27-Nov-01,0.0943
26-Nov-01,0.0943
23-Nov-01,0.0938
22-Nov-01,0.0936
21-Nov-01,0.0936
20-Nov-01,0.0938
19-Nov-01,0.094
16-Nov-01,0.0943
15-Nov-01,0.0948
14-Nov-01,0.0946
13-Nov-01,0.0942
12-Nov-01,0.095
9-Nov-01,0.0951
8-Nov-01,0.095
7-Nov-01,0.0953
6-Nov-01,0.0945
5-Nov-01,0.0945
2-Nov-01,0.0945
1-Nov-01,0.0948
31-Oct-01,0.0938
30-Oct-01,0.0943
29-Oct-01,0.095
26-Oct-01,0.0945
25-Oct-01,0.0944
24-Oct-01,0.0943
23-Oct-01,0.094
22-Oct-01,0.0938
19-Oct-01,0.095
18-Oct-01,0.0953
17-Oct-01,0.0956
16-Oct-01,0.0956
15-Oct-01,0.0956
12-Oct-01,0.096
11-Oct-01,0.0952
10-Oct-01,0.0945
9-Oct-01,0.0948
8-Oct-01,0.0948
5-Oct-01,0.0945
4-Oct-01,0.094
3-Oct-01,0.0942
2-Oct-01,0.094
1-Oct-01,0.094
28-Sep-01,0.0937
27-Sep-01,0.0935
26-Sep-01,0.093
25-Sep-01,0.0937
24-Sep-01,0.0928
21-Sep-01,0.092
20-Sep-01,0.0943
19-Sep-01,0.0953
18-Sep-01,0.095
17-Sep-01,0.0957
14-Sep-01,0.0955
13-Sep-01,0.095
12-Sep-01,0.0945
11-Sep-01,0.0953
10-Sep-01,0.094
7-Sep-01,0.0953
6-Sep-01,0.0945
5-Sep-01,0.0938
4-Sep-01,0.0935
3-Sep-01,0.0952
31-Aug-01,0.0963
30-Aug-01,0.0965
29-Aug-01,0.0963
28-Aug-01,0.0973
27-Aug-01,0.0973
24-Aug-01,0.0975
23-Aug-01,0.0972
22-Aug-01,0.097
21-Aug-01,0.0972
20-Aug-01,0.0968
17-Aug-01,0.0978
16-Aug-01,0.0983
15-Aug-01,0.0986
14-Aug-01,0.0978
13-Aug-01,0.0972
10-Aug-01,0.0973
9-Aug-01,0.0975
8-Aug-01,0.096
7-Aug-01,0.0958
6-Aug-01,0.096
3-Aug-01,0.0965
2-Aug-01,0.0958
1-Aug-01,0.0948
31-Jul-01,0.0945
30-Jul-01,0.0945
27-Jul-01,0.0947
26-Jul-01,0.0945
25-Jul-01,0.0943
24-Jul-01,0.0938
23-Jul-01,0.0935
20-Jul-01,0.0938
19-Jul-01,0.0942
18-Jul-01,0.0945
17-Jul-01,0.0933
16-Jul-01,0.0925
13-Jul-01,0.0927
12-Jul-01,0.0923
11-Jul-01,0.0923
10-Jul-01,0.0921
9-Jul-01,0.0915
6-Jul-01,0.0915
5-Jul-01,0.0909
4-Jul-01,0.092
3-Jul-01,0.092
2-Jul-01,0.0914
29-Jun-01,0.0922
28-Jun-01,0.0917
27-Jun-01,0.093
26-Jun-01,0.0935
25-Jun-01,0.0939
22-Jun-01,0.0935
21-Jun-01,0.0931
20-Jun-01,0.0935
19-Jun-01,0.0935
18-Jun-01,0.0952
15-Jun-01,0.094
14-Jun-01,0.0934
13-Jun-01,0.0925
12-Jun-01,0.0916
11-Jun-01,0.0907
8-Jun-01,0.0914
7-Jun-01,0.0914
6-Jun-01,0.0917
5-Jun-01,0.0928
4-Jun-01,0.0916
1-Jun-01,0.0919
31-May-01,0.0927
30-May-01,0.0943
29-May-01,0.0945
28-May-01,0.095
25-May-01,0.0953
24-May-01,0.0948
23-May-01,0.095
22-May-01,0.0965
21-May-01,0.098
18-May-01,0.098
17-May-01,0.0978
16-May-01,0.0975
15-May-01,0.0973
14-May-01,0.097
11-May-01,0.0977
10-May-01,0.0975
9-May-01,0.0973
8-May-01,0.097
7-May-01,0.0977
4-May-01,0.0982
3-May-01,0.0975
2-May-01,0.098
1-May-01,0.098
30-Apr-01,0.0976
27-Apr-01,0.0982
26-Apr-01,0.099
25-Apr-01,0.0978
24-Apr-01,0.0975
23-Apr-01,0.0978
20-Apr-01,0.0995
19-Apr-01,0.099
18-Apr-01,0.0975
17-Apr-01,0.0975
16-Apr-01,0.0982
13-Apr-01,0.0983
12-Apr-01,0.0988
11-Apr-01,0.0985
10-Apr-01,0.098
9-Apr-01,0.0983
6-Apr-01,0.0995
5-Apr-01,0.0983
4-Apr-01,0.0977
3-Apr-01,0.0978
2-Apr-01,0.0958
30-Mar-01,0.096
29-Mar-01,0.0961
28-Mar-01,0.0963
27-Mar-01,0.098
26-Mar-01,0.0978
23-Mar-01,0.097
22-Mar-01,0.0961
21-Mar-01,0.0972
20-Mar-01,0.0991
19-Mar-01,0.0982
16-Mar-01,0.098
15-Mar-01,0.0983
14-Mar-01,0.099
13-Mar-01,0.1
12-Mar-01,0.1013
9-Mar-01,0.1026
8-Mar-01,0.1028
7-Mar-01,0.1026
6-Mar-01,0.1035
5-Mar-01,0.1026
2-Mar-01,0.1033
1-Mar-01,0.103
28-Feb-01,0.1019
27-Feb-01,0.1015
26-Feb-01,0.101
23-Feb-01,0.1013
22-Feb-01,0.1
21-Feb-01,0.1008
20-Feb-01,0.1015
19-Feb-01,0.1024
16-Feb-01,0.1018
15-Feb-01,0.1011
14-Feb-01,0.1015
13-Feb-01,0.1021
12-Feb-01,0.1036
9-Feb-01,0.1033
8-Feb-01,0.1035
7-Feb-01,0.1046
6-Feb-01,0.1045
5-Feb-01,0.1051
2-Feb-01,0.1051
1-Feb-01,0.1056
31-Jan-01,0.1056
30-Jan-01,0.1048
29-Jan-01,0.1038
26-Jan-01,0.1042
25-Jan-01,0.1038
24-Jan-01,0.1036
23-Jan-01,0.1051
22-Jan-01,0.1051
19-Jan-01,0.1054
18-Jan-01,0.1061
17-Jan-01,0.105
16-Jan-01,0.1058
15-Jan-01,0.1059
12-Jan-01,0.1074
11-Jan-01,0.1074
10-Jan-01,0.1058
9-Jan-01,0.1059
8-Jan-01,0.1061
5-Jan-01,0.1074
4-Jan-01,0.1068
3-Jan-01,0.1046
2-Jan-01,0.1063
29-Dec-00,0.1061
28-Dec-00,0.1051
27-Dec-00,0.1046
26-Dec-00,0.1053
25-Dec-00,0.1045
22-Dec-00,0.1045
21-Dec-00,0.1046
20-Dec-00,0.1043
19-Dec-00,0.1026
18-Dec-00,0.1033
15-Dec-00,0.1039
14-Dec-00,0.104
13-Dec-00,0.1024
12-Dec-00,0.1029
11-Dec-00,0.1028
8-Dec-00,0.1026
7-Dec-00,0.1029
6-Dec-00,0.1043
5-Dec-00,0.1028
4-Dec-00,0.1031
1-Dec-00,0.1013
30-Nov-00,0.0998
29-Nov-00,0.0986
28-Nov-00,0.0986
27-Nov-00,0.0982
24-Nov-00,0.0965
23-Nov-00,0.0966
22-Nov-00,0.0973
21-Nov-00,0.097
20-Nov-00,0.0983
17-Nov-00,0.0983
16-Nov-00,0.0985
15-Nov-00,0.0991
14-Nov-00,0.0993
13-Nov-00,0.0995
10-Nov-00,0.1001
9-Nov-00,0.1008
8-Nov-00,0.0998
7-Nov-00,0.1005
6-Nov-00,0.1003
3-Nov-00,0.1015
2-Nov-00,0.1011
1-Nov-00,0.1016
31-Oct-00,0.1001
30-Oct-00,0.099
27-Oct-00,0.0988
26-Oct-00,0.0975
25-Oct-00,0.0975
24-Oct-00,0.0988
23-Oct-00,0.0986
20-Oct-00,0.099
19-Oct-00,0.0993
18-Oct-00,0.1001
17-Oct-00,0.1003
16-Oct-00,0.1001
13-Oct-00,0.1006
12-Oct-00,0.1005
11-Oct-00,0.1006
10-Oct-00,0.1011
9-Oct-00,0.1013
6-Oct-00,0.1016
5-Oct-00,0.1019
4-Oct-00,0.1023
3-Oct-00,0.1021
2-Oct-00,0.1027
29-Sep-00,0.1036
28-Sep-00,0.1031
27-Sep-00,0.1035
26-Sep-00,0.104
25-Sep-00,0.1034
22-Sep-00,0.1033
21-Sep-00,0.1024
20-Sep-00,0.1013
19-Sep-00,0.1016
18-Sep-00,0.1018
15-Sep-00,0.1018
14-Sep-00,0.1028
13-Sep-00,0.1023
12-Sep-00,0.1028
11-Sep-00,0.1024
8-Sep-00,0.1038
7-Sep-00,0.1046
6-Sep-00,0.1038
5-Sep-00,0.1058
4-Sep-00,0.1073
1-Sep-00,0.1074
31-Aug-00,0.1061
30-Aug-00,0.1061
29-Aug-00,0.1058
28-Aug-00,0.1068
25-Aug-00,0.1074
24-Aug-00,0.1078
23-Aug-00,0.1078
22-Aug-00,0.1071
21-Aug-00,0.1076
18-Aug-00,0.1076
17-Aug-00,0.1089
16-Aug-00,0.1091
15-Aug-00,0.1091
14-Aug-00,0.1088
11-Aug-00,0.1082
10-Aug-00,0.1086
9-Aug-00,0.1081
8-Aug-00,0.1084
7-Aug-00,0.1087
4-Aug-00,0.1082
3-Aug-00,0.1075
2-Aug-00,0.1081
1-Aug-00,0.1076
31-Jul-00,0.1091
28-Jul-00,0.109
27-Jul-00,0.1098
26-Jul-00,0.1122
25-Jul-00,0.1116
24-Jul-00,0.1114
21-Jul-00,0.1114
20-Jul-00,0.1112
19-Jul-00,0.1102
18-Jul-00,0.1098
17-Jul-00,0.1119
14-Jul-00,0.1124
13-Jul-00,0.1122
12-Jul-00,0.1131
11-Jul-00,0.1128
10-Jul-00,0.1129
7-Jul-00,0.1122
6-Jul-00,0.1126
5-Jul-00,0.1132
4-Jul-00,0.1134
3-Jul-00,0.1134
30-Jun-00,0.1137
29-Jun-00,0.1131
28-Jun-00,0.1124
27-Jun-00,0.1132
26-Jun-00,0.1119
23-Jun-00,0.1129
22-Jun-00,0.1131
21-Jun-00,0.1149
20-Jun-00,0.1157
19-Jun-00,0.1157
16-Jun-00,0.1159
15-Jun-00,0.1162
14-Jun-00,0.1174
13-Jun-00,0.1162
12-Jun-00,0.115
9-Jun-00,0.1146
8-Jun-00,0.1144
7-Jun-00,0.1156
6-Jun-00,0.1145
5-Jun-00,0.1137
2-Jun-00,0.1137
1-Jun-00,0.1117
31-May-00,0.1119
30-May-00,0.1109
29-May-00,0.1103
26-May-00,0.1107
25-May-00,0.1096
24-May-00,0.1086
23-May-00,0.1087
22-May-00,0.1086
19-May-00,0.1094
18-May-00,0.1096
17-May-00,0.1094
16-May-00,0.1096
15-May-00,0.1104
12-May-00,0.1109
11-May-00,0.1089
10-May-00,0.1099
9-May-00,0.1109
8-May-00,0.1102
5-May-00,0.1099
4-May-00,0.1098
3-May-00,0.1109
2-May-00,0.1121
1-May-00,0.1124
28-Apr-00,0.1121
27-Apr-00,0.1117
26-Apr-00,0.1126
25-Apr-00,0.1124
24-Apr-00,0.1137
21-Apr-00,0.1139
20-Apr-00,0.1139
19-Apr-00,0.1141
18-Apr-00,0.1145
17-Apr-00,0.1144
14-Apr-00,0.1154
13-Apr-00,0.1149
12-Apr-00,0.1151
11-Apr-00,0.1155
10-Apr-00,0.1165
7-Apr-00,0.1154
6-Apr-00,0.1157
5-Apr-00,0.1155
4-Apr-00,0.1159
3-Apr-00,0.1149
31-Mar-00,0.1157
30-Mar-00,0.1159
29-Mar-00,0.1155
28-Mar-00,0.1167
27-Mar-00,0.116
24-Mar-00,0.1172
23-Mar-00,0.1157
22-Mar-00,0.1152
21-Mar-00,0.1152
20-Mar-00,0.1159
17-Mar-00,0.1157
16-Mar-00,0.1152
15-Mar-00,0.1147
14-Mar-00,0.1154
13-Mar-00,0.1149
10-Mar-00,0.1146
9-Mar-00,0.1145
8-Mar-00,0.1136
7-Mar-00,0.1139
6-Mar-00,0.1139
3-Mar-00,0.1138
2-Mar-00,0.1139
1-Mar-00,0.1154
29-Feb-00,0.1142
28-Feb-00,0.1154
25-Feb-00,0.115
24-Feb-00,0.1163
23-Feb-00,0.1168
22-Feb-00,0.1167
21-Feb-00,0.1153
18-Feb-00,0.1154
17-Feb-00,0.1157
16-Feb-00,0.1159
15-Feb-00,0.1151
14-Feb-00,0.1154
11-Feb-00,0.1167
10-Feb-00,0.1165
9-Feb-00,0.1172
8-Feb-00,0.1164
7-Feb-00,0.1159
4-Feb-00,0.1163
3-Feb-00,0.1169
2-Feb-00,0.1145
1-Feb-00,0.1139
31-Jan-00,0.1127
28-Jan-00,0.1129
27-Jan-00,0.1161
26-Jan-00,0.1174
25-Jan-00,0.1174
24-Jan-00,0.1173
21-Jan-00,0.1176
20-Jan-00,0.1184
19-Jan-00,0.1179
18-Jan-00,0.1182
17-Jan-00,0.1182
14-Jan-00,0.1182
13-Jan-00,0.1187
12-Jan-00,0.119
11-Jan-00,0.1192
10-Jan-00,0.1182
7-Jan-00,0.1189
6-Jan-00,0.1195
5-Jan-00,0.1195
4-Jan-00,0.1195
3-Jan-00,0.1195
31-Dec-99,0.1175
30-Dec-99,0.1172
29-Dec-99,0.1174
28-Dec-99,0.1174
27-Dec-99,0.118
24-Dec-99,0.1184
23-Dec-99,0.1184
22-Dec-99,0.1179
21-Dec-99,0.1174
20-Dec-99,0.1174
17-Dec-99,0.1174
16-Dec-99,0.1179
15-Dec-99,0.1174
14-Dec-99,0.1172
13-Dec-99,0.1182
10-Dec-99,0.118
9-Dec-99,0.119
8-Dec-99,0.1199
7-Dec-99,0.119
6-Dec-99,0.1187
3-Dec-99,0.1169
2-Dec-99,0.1164
1-Dec-99,0.1169
30-Nov-99,0.1175
29-Nov-99,0.1179
26-Nov-99,0.1185
25-Nov-99,0.119
24-Nov-99,0.1185
23-Nov-99,0.1195
22-Nov-99,0.1199
19-Nov-99,0.12
18-Nov-99,0.1195
17-Nov-99,0.1205
16-Nov-99,0.1192
15-Nov-99,0.1199
12-Nov-99,0.1197
11-Nov-99,0.1205
10-Nov-99,0.1207
9-Nov-99,0.1204
8-Nov-99,0.12
5-Nov-99,0.1205
4-Nov-99,0.1195
3-Nov-99,0.121
2-Nov-99,0.1215
1-Nov-99,0.1212
29-Oct-99,0.122
28-Oct-99,0.1215
27-Oct-99,0.1222
26-Oct-99,0.1228
25-Oct-99,0.1232
22-Oct-99,0.1234
21-Oct-99,0.123
20-Oct-99,0.122
19-Oct-99,0.1225
18-Oct-99,0.1222
15-Oct-99,0.1236
14-Oct-99,0.1231
13-Oct-99,0.1237
12-Oct-99,0.124
11-Oct-99,0.1227
8-Oct-99,0.1222
7-Oct-99,0.1229
6-Oct-99,0.1227
5-Oct-99,0.1233
4-Oct-99,0.1234
1-Oct-99,0.1227
30-Sep-99,0.1227
29-Sep-99,0.1223
28-Sep-99,0.1218
27-Sep-99,0.1213
24-Sep-99,0.1211
23-Sep-99,0.122
22-Sep-99,0.1211
21-Sep-99,0.1217
20-Sep-99,0.1206
17-Sep-99,0.121
16-Sep-99,0.1204
15-Sep-99,0.1207
14-Sep-99,0.1203
13-Sep-99,0.1217
10-Sep-99,0.1205
9-Sep-99,0.1223
8-Sep-99,0.1229
7-Sep-99,0.1226
6-Sep-99,0.1223
3-Sep-99,0.122
2-Sep-99,0.1222
1-Sep-99,0.1217
31-Aug-99,0.1213
30-Aug-99,0.1203
27-Aug-99,0.12
26-Aug-99,0.12
25-Aug-99,0.1194
24-Aug-99,0.1211
23-Aug-99,0.12
20-Aug-99,0.1217
19-Aug-99,0.1215
18-Aug-99,0.1203
17-Aug-99,0.1203
16-Aug-99,0.1207
13-Aug-99,0.1202
12-Aug-99,0.1216
11-Aug-99,0.121
10-Aug-99,0.1215
9-Aug-99,0.1217
6-Aug-99,0.1218
5-Aug-99,0.1225
4-Aug-99,0.1227
3-Aug-99,0.1222
2-Aug-99,0.1222
30-Jul-99,0.1218
29-Jul-99,0.1222
28-Jul-99,0.1212
27-Jul-99,0.1207
26-Jul-99,0.121
23-Jul-99,0.1195
22-Jul-99,0.1197
21-Jul-99,0.1199
20-Jul-99,0.1189
19-Jul-99,0.1185
16-Jul-99,0.1167
15-Jul-99,0.1164
14-Jul-99,0.1164
13-Jul-99,0.1164
12-Jul-99,0.1162
9-Jul-99,0.1167
8-Jul-99,0.1171
7-Jul-99,0.1175
6-Jul-99,0.1177
5-Jul-99,0.1174
2-Jul-99,0.1179
1-Jul-99,0.1175
30-Jun-99,0.1184
29-Jun-99,0.118
28-Jun-99,0.1182
25-Jun-99,0.1195
24-Jun-99,0.119
23-Jun-99,0.119
22-Jun-99,0.1186
21-Jun-99,0.1194
18-Jun-99,0.119
17-Jun-99,0.1184
16-Jun-99,0.1174
15-Jun-99,0.1179
14-Jun-99,0.1177
11-Jun-99,0.1184
10-Jun-99,0.1179
9-Jun-99,0.1174
8-Jun-99,0.1175
7-Jun-99,0.1159
4-Jun-99,0.1162
3-Jun-99,0.1157
2-Jun-99,0.1158
1-Jun-99,0.1166
31-May-99,0.1163
28-May-99,0.1162
27-May-99,0.1162
26-May-99,0.1162
25-May-99,0.1179
24-May-99,0.1181
21-May-99,0.1179
20-May-99,0.1184
19-May-99,0.1183
18-May-99,0.1187
17-May-99,0.1187
14-May-99,0.1189
13-May-99,0.119
12-May-99,0.119
11-May-99,0.1196
10-May-99,0.1207
7-May-99,0.1202
6-May-99,0.1203
5-May-99,0.1195
4-May-99,0.1186
3-May-99,0.1181
30-Apr-99,0.1187
29-Apr-99,0.1194
28-Apr-99,0.1194
27-Apr-99,0.12
26-Apr-99,0.1192
23-Apr-99,0.1192
22-Apr-99,0.1199
21-Apr-99,0.119
20-Apr-99,0.1195
19-Apr-99,0.12
16-Apr-99,0.1204
15-Apr-99,0.1205
14-Apr-99,0.1212
13-Apr-99,0.1207
12-Apr-99,0.1207
9-Apr-99,0.1207
8-Apr-99,0.12
7-Apr-99,0.1203
6-Apr-99,0.1217
5-Apr-99,0.1208
2-Apr-99,0.1215
1-Apr-99,0.1217
31-Mar-99,0.1212
30-Mar-99,0.1198
29-Mar-99,0.1202
26-Mar-99,0.1203
25-Mar-99,0.1209
24-Mar-99,0.1209
23-Mar-99,0.1217
22-Mar-99,0.122
19-Mar-99,0.1218
18-Mar-99,0.1232
17-Mar-99,0.1225
16-Mar-99,0.1225
15-Mar-99,0.1227
12-Mar-99,0.1232
11-Mar-99,0.1242
10-Mar-99,0.1232
9-Mar-99,0.1219
8-Mar-99,0.1217
5-Mar-99,0.121
4-Mar-99,0.1207
3-Mar-99,0.121
2-Mar-99,0.1215
1-Mar-99,0.121
26-Feb-99,0.1225
25-Feb-99,0.1229
24-Feb-99,0.1232
23-Feb-99,0.1236
22-Feb-99,0.124
19-Feb-99,0.1243
18-Feb-99,0.1252
17-Feb-99,0.1261
16-Feb-99,0.126
15-Feb-99,0.1264
12-Feb-99,0.1271
11-Feb-99,0.1258
10-Feb-99,0.1267
9-Feb-99,0.127
8-Feb-99,0.1275
5-Feb-99,0.1271
4-Feb-99,0.128
3-Feb-99,0.1268
2-Feb-99,0.1278
1-Feb-99,0.1274
29-Jan-99,0.1283
28-Jan-99,0.1288
27-Jan-99,0.1294
26-Jan-99,0.1297
25-Jan-99,0.1295
22-Jan-99,0.1293
21-Jan-99,0.1293
20-Jan-99,0.1297
19-Jan-99,0.1286
18-Jan-99,0.1275
15-Jan-99,0.1266
14-Jan-99,0.1281
13-Jan-99,0.1286
12-Jan-99,0.1286
11-Jan-99,0.127
8-Jan-99,0.1266
7-Jan-99,0.127
6-Jan-99,0.1253
5-Jan-99,0.1255
4-Jan-99,0.1248
31-Dec-98,0.1232
30-Dec-98,0.123
29-Dec-98,0.1234
28-Dec-98,0.1234
25-Dec-98,0.1242
24-Dec-98,0.1242
23-Dec-98,0.1242
22-Dec-98,0.1245
21-Dec-98,0.1245
18-Dec-98,0.1246
17-Dec-98,0.1235
16-Dec-98,0.1241
15-Dec-98,0.1246
14-Dec-98,0.1245
11-Dec-98,0.1244
10-Dec-98,0.1242
9-Dec-98,0.1242
8-Dec-98,0.1237
7-Dec-98,0.1231
4-Dec-98,0.1236
3-Dec-98,0.1247
2-Dec-98,0.124
1-Dec-98,0.1228
30-Nov-98,0.1228
27-Nov-98,0.1223
26-Nov-98,0.1227
25-Nov-98,0.1215
24-Nov-98,0.1235
23-Nov-98,0.1233
20-Nov-98,0.1237
19-Nov-98,0.1235
18-Nov-98,0.1242
17-Nov-98,0.1243
16-Nov-98,0.1237
13-Nov-98,0.1231
12-Nov-98,0.1232
11-Nov-98,0.1255
10-Nov-98,0.1255
9-Nov-98,0.1264
6-Nov-98,0.1279
5-Nov-98,0.1284
4-Nov-98,0.1275
3-Nov-98,0.1282
2-Nov-98,0.128
30-Oct-98,0.1286
29-Oct-98,0.1285
28-Oct-98,0.1275
27-Oct-98,0.1283
26-Oct-98,0.1292
23-Oct-98,0.1311
22-Oct-98,0.1296
21-Oct-98,0.128
20-Oct-98,0.128
19-Oct-98,0.1283
16-Oct-98,0.1281
15-Oct-98,0.1261
14-Oct-98,0.1255
13-Oct-98,0.127
12-Oct-98,0.1257
9-Oct-98,0.1265
8-Oct-98,0.1257
7-Oct-98,0.1287
6-Oct-98,0.1246
5-Oct-98,0.1249
2-Oct-98,0.1247
1-Oct-98,0.127
30-Sep-98,0.1274
29-Sep-98,0.1281
28-Sep-98,0.1276
25-Sep-98,0.1263
24-Sep-98,0.127
23-Sep-98,0.1271
22-Sep-98,0.1268
21-Sep-98,0.1253
18-Sep-98,0.1274
17-Sep-98,0.1272
16-Sep-98,0.128
15-Sep-98,0.1286
14-Sep-98,0.1273
11-Sep-98,0.1268
10-Sep-98,0.1263
9-Sep-98,0.1255
8-Sep-98,0.1255
7-Sep-98,0.126
4-Sep-98,0.1263
3-Sep-98,0.127
2-Sep-98,0.1255
1-Sep-98,0.126
31-Aug-98,0.1248
28-Aug-98,0.1245
27-Aug-98,0.1202
26-Aug-98,0.1199
25-Aug-98,0.121
24-Aug-98,0.1215
21-Aug-98,0.1225
20-Aug-98,0.1225
19-Aug-98,0.1225
18-Aug-98,0.1219
17-Aug-98,0.1222
14-Aug-98,0.1222
13-Aug-98,0.1232
12-Aug-98,0.1228
11-Aug-98,0.1226
10-Aug-98,0.1234
7-Aug-98,0.1242
6-Aug-98,0.125
5-Aug-98,0.1255
4-Aug-98,0.126
3-Aug-98,0.1248
31-Jul-98,0.126
30-Jul-98,0.1256
29-Jul-98,0.1263
28-Jul-98,0.1272
27-Jul-98,0.1263
24-Jul-98,0.1267
23-Jul-98,0.126
22-Jul-98,0.1259
21-Jul-98,0.1256
20-Jul-98,0.1266
17-Jul-98,0.1261
16-Jul-98,0.126
15-Jul-98,0.1249
14-Jul-98,0.1242
13-Jul-98,0.1245
10-Jul-98,0.124
9-Jul-98,0.1232
8-Jul-98,0.124
7-Jul-98,0.1237
6-Jul-98,0.1237
3-Jul-98,0.1235
2-Jul-98,0.1236
1-Jul-98,0.124
30-Jun-98,0.1251
29-Jun-98,0.1254
26-Jun-98,0.1252
25-Jun-98,0.1268
24-Jun-98,0.1265
23-Jun-98,0.1263
22-Jun-98,0.126
19-Jun-98,0.126
18-Jun-98,0.1257
17-Jun-98,0.1265
16-Jun-98,0.1243
15-Jun-98,0.1235
12-Jun-98,0.1248
11-Jun-98,0.1247
10-Jun-98,0.1253
9-Jun-98,0.1267
8-Jun-98,0.1275
5-Jun-98,0.1281
4-Jun-98,0.1292
3-Jun-98,0.1291
2-Jun-98,0.1283
1-Jun-98,0.128
29-May-98,0.1273
28-May-98,0.128
27-May-98,0.1276
26-May-98,0.1291
25-May-98,0.1297
22-May-98,0.1301
21-May-98,0.1305
20-May-98,0.1296
19-May-98,0.1288
18-May-98,0.1285
15-May-98,0.1291
14-May-98,0.1296
13-May-98,0.1302
12-May-98,0.1311
11-May-98,0.1311
8-May-98,0.1315
7-May-98,0.1318
6-May-98,0.132
5-May-98,0.1314
4-May-98,0.1303
1-May-98,0.1299
30-Apr-98,0.129
29-Apr-98,0.1288
28-Apr-98,0.1291
27-Apr-98,0.1295
24-Apr-98,0.13
23-Apr-98,0.1295
22-Apr-98,0.1305
21-Apr-98,0.1305
20-Apr-98,0.1299
17-Apr-98,0.1288
16-Apr-98,0.1294
15-Apr-98,0.1288
14-Apr-98,0.1288
13-Apr-98,0.1272
10-Apr-98,0.127
9-Apr-98,0.127
8-Apr-98,0.1264
7-Apr-98,0.1253
6-Apr-98,0.125
3-Apr-98,0.125
2-Apr-98,0.1245
1-Apr-98,0.1244
31-Mar-98,0.1248
30-Mar-98,0.126
27-Mar-98,0.1271
26-Mar-98,0.127
25-Mar-98,0.1261
24-Mar-98,0.1262
23-Mar-98,0.1265
20-Mar-98,0.1255
19-Mar-98,0.1251
18-Mar-98,0.1258
17-Mar-98,0.1258
16-Mar-98,0.126
13-Mar-98,0.126
12-Mar-98,0.1251
11-Mar-98,0.125
10-Mar-98,0.1252
9-Mar-98,0.1252
6-Mar-98,0.124
5-Mar-98,0.1237
4-Mar-98,0.1251
3-Mar-98,0.1254
2-Mar-98,0.1252
27-Feb-98,0.1249
26-Feb-98,0.1245
25-Feb-98,0.1237
24-Feb-98,0.125
23-Feb-98,0.1251
20-Feb-98,0.1237
19-Feb-98,0.1235
18-Feb-98,0.1235
17-Feb-98,0.1227
16-Feb-98,0.1234
13-Feb-98,0.1233
12-Feb-98,0.1243
11-Feb-98,0.123
10-Feb-98,0.1232
9-Feb-98,0.123
6-Feb-98,0.1245
5-Feb-98,0.1248
4-Feb-98,0.1245
3-Feb-98,0.124
2-Feb-98,0.124
30-Jan-98,0.1232
29-Jan-98,0.1234
28-Jan-98,0.1245
27-Jan-98,0.1258
26-Jan-98,0.126
23-Jan-98,0.1271
22-Jan-98,0.1254
21-Jan-98,0.1247
20-Jan-98,0.1235
19-Jan-98,0.1244
16-Jan-98,0.1247
15-Jan-98,0.1246
14-Jan-98,0.1247
13-Jan-98,0.1247
12-Jan-98,0.1244
9-Jan-98,0.1251
8-Jan-98,0.1245
7-Jan-98,0.1243
6-Jan-98,0.1239
5-Jan-98,0.1241
2-Jan-98,0.1253
31-Dec-97,0.126
30-Dec-97,0.1266
29-Dec-97,0.1274
26-Dec-97,0.1288
25-Dec-97,0.1286
24-Dec-97,0.1288
23-Dec-97,0.1288
22-Dec-97,0.1285
19-Dec-97,0.129
18-Dec-97,0.1285
17-Dec-97,0.1293
16-Dec-97,0.1286
15-Dec-97,0.1288
12-Dec-97,0.1288
11-Dec-97,0.1293
10-Dec-97,0.1281
9-Dec-97,0.1276
8-Dec-97,0.1281
5-Dec-97,0.128
4-Dec-97,0.1288
3-Dec-97,0.1288
2-Dec-97,0.1285
1-Dec-97,0.128
28-Nov-97,0.1295
27-Nov-97,0.129
26-Nov-97,0.1293
25-Nov-97,0.1308
24-Nov-97,0.132
21-Nov-97,0.1321
20-Nov-97,0.1321
19-Nov-97,0.1323
18-Nov-97,0.1323
17-Nov-97,0.1326
14-Nov-97,0.1331
13-Nov-97,0.133
12-Nov-97,0.1331
11-Nov-97,0.1335
10-Nov-97,0.134
7-Nov-97,0.1346
6-Nov-97,0.1333
5-Nov-97,0.1333
4-Nov-97,0.133
3-Nov-97,0.1323
31-Oct-97,0.1331
30-Oct-97,0.1333
29-Oct-97,0.1331
28-Oct-97,0.1326
27-Oct-97,0.1321
24-Oct-97,0.1318
23-Oct-97,0.1318
22-Oct-97,0.13
21-Oct-97,0.1295
20-Oct-97,0.1313
17-Oct-97,0.1308
16-Oct-97,0.1326
15-Oct-97,0.132
14-Oct-97,0.132
13-Oct-97,0.1321
10-Oct-97,0.1318
9-Oct-97,0.1325
8-Oct-97,0.1326
7-Oct-97,0.1328
6-Oct-97,0.1327
3-Oct-97,0.1333
2-Oct-97,0.1316
1-Oct-97,0.1316
30-Sep-97,0.1322
29-Sep-97,0.132
26-Sep-97,0.1318
25-Sep-97,0.1333
24-Sep-97,0.1323
23-Sep-97,0.1313
22-Sep-97,0.1301
19-Sep-97,0.1318
18-Sep-97,0.1313
17-Sep-97,0.1318
16-Sep-97,0.131
15-Sep-97,0.1315
12-Sep-97,0.1305
11-Sep-97,0.129
10-Sep-97,0.128
9-Sep-97,0.128
8-Sep-97,0.1288
5-Sep-97,0.1284
4-Sep-97,0.1273
3-Sep-97,0.127
2-Sep-97,0.1261
1-Sep-97,0.127
29-Aug-97,0.1265
28-Aug-97,0.128
27-Aug-97,0.1273
26-Aug-97,0.1271
25-Aug-97,0.1258
22-Aug-97,0.1256
21-Aug-97,0.1248
20-Aug-97,0.124
19-Aug-97,0.1241
18-Aug-97,0.1248
15-Aug-97,0.1256
14-Aug-97,0.1243
13-Aug-97,0.125
12-Aug-97,0.1248
11-Aug-97,0.1252
8-Aug-97,0.1265
7-Aug-97,0.1242
6-Aug-97,0.1237
5-Aug-97,0.1237
4-Aug-97,0.1242
1-Aug-97,0.1247
31-Jul-97,0.125
30-Jul-97,0.1253
29-Jul-97,0.1259
28-Jul-97,0.126
25-Jul-97,0.1273
24-Jul-97,0.1265
23-Jul-97,0.1279
22-Jul-97,0.1275
21-Jul-97,0.1286
18-Jul-97,0.1283
17-Jul-97,0.1283
16-Jul-97,0.128
15-Jul-97,0.1274
14-Jul-97,0.1281
11-Jul-97,0.129
10-Jul-97,0.1295
9-Jul-97,0.1298
8-Jul-97,0.1285
7-Jul-97,0.1288
4-Jul-97,0.1295
3-Jul-97,0.1293
2-Jul-97,0.1286
1-Jul-97,0.129
30-Jun-97,0.1293
27-Jun-97,0.1293
26-Jun-97,0.13
25-Jun-97,0.1303
24-Jun-97,0.1295
23-Jun-97,0.1301
20-Jun-97,0.1296
19-Jun-97,0.1293
18-Jun-97,0.129
17-Jun-97,0.1293
16-Jun-97,0.1284
13-Jun-97,0.1286
12-Jun-97,0.1285
11-Jun-97,0.129
10-Jun-97,0.1285
9-Jun-97,0.1288
6-Jun-97,0.1283
5-Jun-97,0.129
4-Jun-97,0.129
3-Jun-97,0.1289
2-Jun-97,0.1283
30-May-97,0.1291
29-May-97,0.1296
28-May-97,0.13
27-May-97,0.1305
26-May-97,0.131
23-May-97,0.1316
22-May-97,0.1316
21-May-97,0.1326
20-May-97,0.1323
19-May-97,0.1306
16-May-97,0.1315
15-May-97,0.1316
14-May-97,0.1318
13-May-97,0.1308
12-May-97,0.1295
9-May-97,0.1305
8-May-97,0.13
7-May-97,0.1294
6-May-97,0.128
5-May-97,0.1262
2-May-97,0.1275
1-May-97,0.1281
30-Apr-97,0.1275
29-Apr-97,0.1277
28-Apr-97,0.1279
25-Apr-97,0.1285
24-Apr-97,0.1303
23-Apr-97,0.1305
22-Apr-97,0.1301
21-Apr-97,0.1312
18-Apr-97,0.1306
17-Apr-97,0.1295
16-Apr-97,0.1295
15-Apr-97,0.13
14-Apr-97,0.1308
11-Apr-97,0.1303
10-Apr-97,0.13
9-Apr-97,0.1295
8-Apr-97,0.1303
7-Apr-97,0.1297
4-Apr-97,0.131
3-Apr-97,0.1313
2-Apr-97,0.1309
1-Apr-97,0.1316
31-Mar-97,0.1318
28-Mar-97,0.1321
27-Mar-97,0.1325
26-Mar-97,0.131
25-Mar-97,0.1303
24-Mar-97,0.131
21-Mar-97,0.131
20-Mar-97,0.1301
19-Mar-97,0.1305
18-Mar-97,0.1303
17-Mar-97,0.1291
14-Mar-97,0.1289
13-Mar-97,0.1299
12-Mar-97,0.1308
11-Mar-97,0.1302
10-Mar-97,0.1316
7-Mar-97,0.1302
6-Mar-97,0.1305
5-Mar-97,0.1305
4-Mar-97,0.1303
3-Mar-97,0.1316
28-Feb-97,0.1328
27-Feb-97,0.1336
26-Feb-97,0.1336
25-Feb-97,0.1348
24-Feb-97,0.1352
21-Feb-97,0.1348
20-Feb-97,0.1351
19-Feb-97,0.1336
18-Feb-97,0.1347
17-Feb-97,0.1346
14-Feb-97,0.1356
13-Feb-97,0.1352
12-Feb-97,0.1347
11-Feb-97,0.1346
10-Feb-97,0.136
7-Feb-97,0.1347
6-Feb-97,0.1353
5-Feb-97,0.1357
4-Feb-97,0.1363
3-Feb-97,0.1371
31-Jan-97,0.138
30-Jan-97,0.1382
29-Jan-97,0.1372
28-Jan-97,0.1371
27-Jan-97,0.1376
24-Jan-97,0.1385
23-Jan-97,0.1376
22-Jan-97,0.1399
21-Jan-97,0.1408
20-Jan-97,0.141
17-Jan-97,0.1419
16-Jan-97,0.1434
15-Jan-97,0.1441
14-Jan-97,0.1435
13-Jan-97,0.1439
10-Jan-97,0.1446
9-Jan-97,0.1445
8-Jan-97,0.1434
7-Jan-97,0.1435
6-Jan-97,0.1439
3-Jan-97,0.1438
2-Jan-97,0.1453
31-Dec-96,0.146
30-Dec-96,0.1454
27-Dec-96,0.1457
26-Dec-96,0.1457
25-Dec-96,0.1454
24-Dec-96,0.1456
23-Dec-96,0.1456
20-Dec-96,0.1464
19-Dec-96,0.1456
18-Dec-96,0.1461
17-Dec-96,0.1463
16-Dec-96,0.147
13-Dec-96,0.1464
12-Dec-96,0.1469
11-Dec-96,0.1473
10-Dec-96,0.1464
9-Dec-96,0.1457
6-Dec-96,0.1469
5-Dec-96,0.1465
4-Dec-96,0.1471
3-Dec-96,0.1475
2-Dec-96,0.1476
29-Nov-96,0.1488
28-Nov-96,0.1494
27-Nov-96,0.1499
26-Nov-96,0.1497
25-Nov-96,0.1503
22-Nov-96,0.1508
21-Nov-96,0.1512
20-Nov-96,0.1517
19-Nov-96,0.1507
18-Nov-96,0.1515
15-Nov-96,0.1508
14-Nov-96,0.1507
13-Nov-96,0.1503
12-Nov-96,0.1504
11-Nov-96,0.1521
8-Nov-96,0.1516
7-Nov-96,0.1511
6-Nov-96,0.1513
5-Nov-96,0.151
4-Nov-96,0.1517
1-Nov-96,0.1519
31-Oct-96,0.1518
30-Oct-96,0.1524
29-Oct-96,0.1527
28-Oct-96,0.1521
25-Oct-96,0.1517
24-Oct-96,0.1523
23-Oct-96,0.152
22-Oct-96,0.152
21-Oct-96,0.1511
18-Oct-96,0.1505
17-Oct-96,0.1503
16-Oct-96,0.1507
15-Oct-96,0.151
14-Oct-96,0.1518
11-Oct-96,0.1514
10-Oct-96,0.1517
9-Oct-96,0.1516
8-Oct-96,0.152
7-Oct-96,0.1511
4-Oct-96,0.1511
3-Oct-96,0.1513
2-Oct-96,0.1509
1-Oct-96,0.1508
30-Sep-96,0.1508
27-Sep-96,0.1511
26-Sep-96,0.1502
25-Sep-96,0.1512
24-Sep-96,0.1521
23-Sep-96,0.1515
20-Sep-96,0.1512
19-Sep-96,0.151
18-Sep-96,0.151
17-Sep-96,0.1508
16-Sep-96,0.1507
13-Sep-96,0.1499
12-Sep-96,0.1497
11-Sep-96,0.1491
10-Sep-96,0.1487
9-Sep-96,0.1498
6-Sep-96,0.1503
5-Sep-96,0.1504
4-Sep-96,0.1506
3-Sep-96,0.1507
2-Sep-96,0.1503
30-Aug-96,0.1508
29-Aug-96,0.1512
28-Aug-96,0.151
27-Aug-96,0.1515
26-Aug-96,0.1518
23-Aug-96,0.1522
22-Aug-96,0.1512
21-Aug-96,0.1517
20-Aug-96,0.1514
19-Aug-96,0.1508
16-Aug-96,0.1505
15-Aug-96,0.1508
14-Aug-96,0.1504
13-Aug-96,0.1505
12-Aug-96,0.1501
9-Aug-96,0.1506
8-Aug-96,0.1506
7-Aug-96,0.1506
6-Aug-96,0.1511
5-Aug-96,0.1517
2-Aug-96,0.152
1-Aug-96,0.1521
31-Jul-96,0.1516
30-Jul-96,0.1514
29-Jul-96,0.152
26-Jul-96,0.1519
25-Jul-96,0.153
24-Jul-96,0.1522
23-Jul-96,0.1521
22-Jul-96,0.1517
19-Jul-96,0.1513
18-Jul-96,0.1505
17-Jul-96,0.1508
16-Jul-96,0.1505
15-Jul-96,0.1487
12-Jul-96,0.1491
11-Jul-96,0.15
10-Jul-96,0.1498
9-Jul-96,0.1497
8-Jul-96,0.1493
5-Jul-96,0.15
4-Jul-96,0.1503
3-Jul-96,0.1505
2-Jul-96,0.1493
1-Jul-96,0.1503
28-Jun-96,0.1505
27-Jun-96,0.1511
26-Jun-96,0.1514
25-Jun-96,0.1512
24-Jun-96,0.1506
21-Jun-96,0.15
20-Jun-96,0.1513
19-Jun-96,0.1509
18-Jun-96,0.1511
17-Jun-96,0.1498
14-Jun-96,0.1491
13-Jun-96,0.1496
12-Jun-96,0.1493
11-Jun-96,0.1489
10-Jun-96,0.1481
7-Jun-96,0.1479
6-Jun-96,0.1486
5-Jun-96,0.1486
4-Jun-96,0.1492
3-Jun-96,0.1488
31-May-96,0.1489
30-May-96,0.1474
29-May-96,0.1474
28-May-96,0.1467
27-May-96,0.1463
24-May-96,0.1463
23-May-96,0.1459
22-May-96,0.1462
21-May-96,0.1472
20-May-96,0.148
17-May-96,0.1483
16-May-96,0.1487
15-May-96,0.1483
14-May-96,0.1485
13-May-96,0.1474
10-May-96,0.1472
9-May-96,0.1476
8-May-96,0.1471
7-May-96,0.1461
6-May-96,0.1462
3-May-96,0.1466
2-May-96,0.146
1-May-96,0.1469
30-Apr-96,0.1473
29-Apr-96,0.1477
26-Apr-96,0.1481
25-Apr-96,0.1468
24-Apr-96,0.1483
23-Apr-96,0.1484
22-Apr-96,0.1487
19-Apr-96,0.1491
18-Apr-96,0.1492
17-Apr-96,0.1482
16-Apr-96,0.1479
15-Apr-96,0.148
12-Apr-96,0.1487
11-Apr-96,0.1489
10-Apr-96,0.1493
9-Apr-96,0.1485
8-Apr-96,0.1501
5-Apr-96,0.1502
4-Apr-96,0.1502
3-Apr-96,0.1504
2-Apr-96,0.1507
1-Apr-96,0.1503
29-Mar-96,0.1496
28-Mar-96,0.1503
27-Mar-96,0.1504
26-Mar-96,0.1505
25-Mar-96,0.1508
22-Mar-96,0.1508
21-Mar-96,0.1501
20-Mar-96,0.1512
19-Mar-96,0.1502
18-Mar-96,0.1486
15-Mar-96,0.1478
14-Mar-96,0.1479
13-Mar-96,0.1481
12-Mar-96,0.1474
11-Mar-96,0.1464
8-Mar-96,0.1467
7-Mar-96,0.1477
6-Mar-96,0.1467
5-Mar-96,0.1463
4-Mar-96,0.1468
1-Mar-96,0.1481
29-Feb-96,0.1476
28-Feb-96,0.1481
27-Feb-96,0.1497
26-Feb-96,0.1481
23-Feb-96,0.1492
22-Feb-96,0.1485
21-Feb-96,0.1483
20-Feb-96,0.1468
19-Feb-96,0.1451
16-Feb-96,0.145
15-Feb-96,0.1441
14-Feb-96,0.1438
13-Feb-96,0.1441
12-Feb-96,0.1436
9-Feb-96,0.1436
8-Feb-96,0.143
7-Feb-96,0.1424
6-Feb-96,0.1426
5-Feb-96,0.1443
2-Feb-96,0.144
1-Feb-96,0.1442
31-Jan-96,0.1439
30-Jan-96,0.1435
29-Jan-96,0.1431
26-Jan-96,0.1436
25-Jan-96,0.1442
24-Jan-96,0.1456
23-Jan-96,0.1456
22-Jan-96,0.1459
19-Jan-96,0.1487
18-Jan-96,0.1489
17-Jan-96,0.1496
16-Jan-96,0.1503
15-Jan-96,0.1516
12-Jan-96,0.1516
11-Jan-96,0.1521
10-Jan-96,0.1522
9-Jan-96,0.152
8-Jan-96,0.1512
5-Jan-96,0.151
4-Jan-96,0.1514
3-Jan-96,0.151
2-Jan-96,0.151
29-Dec-95,0.1506
28-Dec-95,0.1495
27-Dec-95,0.1503
26-Dec-95,0.1509
25-Dec-95,0.1508
22-Dec-95,0.1508
21-Dec-95,0.1502
20-Dec-95,0.1506
19-Dec-95,0.151
18-Dec-95,0.1517
15-Dec-95,0.1511
14-Dec-95,0.1503
13-Dec-95,0.149
12-Dec-95,0.1489
11-Dec-95,0.1481
8-Dec-95,0.1499
7-Dec-95,0.1501
6-Dec-95,0.1522
5-Dec-95,0.1536
4-Dec-95,0.1518
1-Dec-95,0.1529
30-Nov-95,0.1525
29-Nov-95,0.1535
28-Nov-95,0.1536
27-Nov-95,0.1533
24-Nov-95,0.1533
23-Nov-95,0.1531
22-Nov-95,0.1535
21-Nov-95,0.1532
20-Nov-95,0.1527
17-Nov-95,0.1524
16-Nov-95,0.1516
15-Nov-95,0.1506
14-Nov-95,0.15
13-Nov-95,0.15
10-Nov-95,0.1502
9-Nov-95,0.1504
8-Nov-95,0.1495
7-Nov-95,0.1497
6-Nov-95,0.1497
3-Nov-95,0.1507
2-Nov-95,0.1503
1-Nov-95,0.1512
31-Oct-95,0.1508
30-Oct-95,0.1507
27-Oct-95,0.1505
26-Oct-95,0.1512
25-Oct-95,0.1512
24-Oct-95,0.1509
23-Oct-95,0.1493
20-Oct-95,0.1493
19-Oct-95,0.1482
18-Oct-95,0.1459
17-Oct-95,0.1449
16-Oct-95,0.1437
13-Oct-95,0.144
12-Oct-95,0.1443
11-Oct-95,0.1437
10-Oct-95,0.1436
9-Oct-95,0.1437
6-Oct-95,0.1431
5-Oct-95,0.1434
4-Oct-95,0.1435
3-Oct-95,0.1428
2-Oct-95,0.1432
29-Sep-95,0.1442
28-Sep-95,0.144
27-Sep-95,0.1427
26-Sep-95,0.1429
25-Sep-95,0.1426
22-Sep-95,0.1415
21-Sep-95,0.1417
20-Sep-95,0.1406
19-Sep-95,0.1406
18-Sep-95,0.1396
15-Sep-95,0.1397
14-Sep-95,0.1397
13-Sep-95,0.1402
12-Sep-95,0.1413
11-Sep-95,0.1407
8-Sep-95,0.1396
7-Sep-95,0.1378
6-Sep-95,0.1377
5-Sep-95,0.1371
4-Sep-95,0.1371
1-Sep-95,0.1371
31-Aug-95,0.137
30-Aug-95,0.1363
29-Aug-95,0.1363
28-Aug-95,0.1366
25-Aug-95,0.137
24-Aug-95,0.1372
23-Aug-95,0.1363
22-Aug-95,0.1363
21-Aug-95,0.1357
18-Aug-95,0.1356
17-Aug-95,0.1368
16-Aug-95,0.1367
15-Aug-95,0.1363
14-Aug-95,0.1387
11-Aug-95,0.1389
10-Aug-95,0.1404
9-Aug-95,0.1402
8-Aug-95,0.14
7-Aug-95,0.1402
4-Aug-95,0.1417
3-Aug-95,0.142
2-Aug-95,0.1402
1-Aug-95,0.1416
31-Jul-95,0.1413
28-Jul-95,0.1416
27-Jul-95,0.1416
26-Jul-95,0.1409
25-Jul-95,0.14
24-Jul-95,0.1399
21-Jul-95,0.1399
20-Jul-95,0.1394
19-Jul-95,0.1401
18-Jul-95,0.1392
17-Jul-95,0.1391
14-Jul-95,0.1392
13-Jul-95,0.14
12-Jul-95,0.1386
11-Jul-95,0.1373
10-Jul-95,0.1384
7-Jul-95,0.1379
6-Jul-95,0.1386
5-Jul-95,0.1383
4-Jul-95,0.1381
3-Jul-95,0.1383
30-Jun-95,0.1377
29-Jun-95,0.1384
28-Jun-95,0.1374
27-Jun-95,0.1379
26-Jun-95,0.1377
23-Jun-95,0.1382
22-Jun-95,0.1371
21-Jun-95,0.1382
20-Jun-95,0.1378
19-Jun-95,0.138
16-Jun-95,0.1379
15-Jun-95,0.138
14-Jun-95,0.138
13-Jun-95,0.1377
12-Jun-95,0.138
9-Jun-95,0.1385
8-Jun-95,0.1394
7-Jun-95,0.1381
6-Jun-95,0.1386
5-Jun-95,0.138
2-Jun-95,0.1372
1-Jun-95,0.1371
31-May-95,0.1362
30-May-95,0.1373
29-May-95,0.138
26-May-95,0.1376
25-May-95,0.1377
24-May-95,0.1353
23-May-95,0.1346
22-May-95,0.1355
19-May-95,0.1353
18-May-95,0.1357
17-May-95,0.1347
16-May-95,0.1355
15-May-95,0.1369
12-May-95,0.1354
11-May-95,0.1365
10-May-95,0.1393
9-May-95,0.1393
8-May-95,0.1391
5-May-95,0.1377
4-May-95,0.1378
3-May-95,0.1373
2-May-95,0.1368
1-May-95,0.1367
28-Apr-95,0.1368
27-Apr-95,0.1378
26-Apr-95,0.137
25-Apr-95,0.1361
24-Apr-95,0.1338
21-Apr-95,0.1354
20-Apr-95,0.1341
19-Apr-95,0.1355
18-Apr-95,0.1385
17-Apr-95,0.1392
14-Apr-95,0.1367
13-Apr-95,0.1374
12-Apr-95,0.136
11-Apr-95,0.1365
10-Apr-95,0.136
7-Apr-95,0.1361
6-Apr-95,0.1356
5-Apr-95,0.1363
4-Apr-95,0.1363
3-Apr-95,0.136
31-Mar-95,0.1359
30-Mar-95,0.1344
29-Mar-95,0.1362
28-Mar-95,0.1365
27-Mar-95,0.1379
24-Mar-95,0.1361
23-Mar-95,0.1369
22-Mar-95,0.1377
21-Mar-95,0.1379
20-Mar-95,0.1378
17-Mar-95,0.1378
16-Mar-95,0.1388
15-Mar-95,0.1389
14-Mar-95,0.1382
13-Mar-95,0.1379
10-Mar-95,0.1381
9-Mar-95,0.1396
8-Mar-95,0.1398
7-Mar-95,0.1395
6-Mar-95,0.1382
3-Mar-95,0.138
2-Mar-95,0.1373
1-Mar-95,0.1366
28-Feb-95,0.136
27-Feb-95,0.1354
24-Feb-95,0.1382
23-Feb-95,0.1377
22-Feb-95,0.137
21-Feb-95,0.1372
20-Feb-95,0.1364
17-Feb-95,0.1368
16-Feb-95,0.1361
15-Feb-95,0.1357
14-Feb-95,0.1358
13-Feb-95,0.1347
10-Feb-95,0.1352
9-Feb-95,0.1343
8-Feb-95,0.1341
7-Feb-95,0.1338
6-Feb-95,0.1343
3-Feb-95,0.1336
2-Feb-95,0.1344
1-Feb-95,0.1345
31-Jan-95,0.1333
30-Jan-95,0.135
27-Jan-95,0.1343
26-Jan-95,0.1335
25-Jan-95,0.1336
24-Jan-95,0.1344
23-Jan-95,0.1343
20-Jan-95,0.1347
19-Jan-95,0.1343
18-Jan-95,0.1335
17-Jan-95,0.1338
16-Jan-95,0.1339
13-Jan-95,0.1332
12-Jan-95,0.1337
11-Jan-95,0.1335
10-Jan-95,0.1336
9-Jan-95,0.1344
6-Jan-95,0.1324
5-Jan-95,0.1336
4-Jan-95,0.1342
3-Jan-95,0.1341
2-Jan-95,0.1333
30-Dec-94,0.1345
29-Dec-94,0.1342
28-Dec-94,0.1357
27-Dec-94,0.1337
26-Dec-94,0.1334
23-Dec-94,0.1334
22-Dec-94,0.1338
21-Dec-94,0.1328
20-Dec-94,0.1331
19-Dec-94,0.1325
16-Dec-94,0.1326
15-Dec-94,0.1326
14-Dec-94,0.1323
13-Dec-94,0.1327
12-Dec-94,0.1328
9-Dec-94,0.1331
8-Dec-94,0.133
7-Dec-94,0.1337
6-Dec-94,0.1331
5-Dec-94,0.1336
2-Dec-94,0.1326
1-Dec-94,0.1327
30-Nov-94,0.1328
29-Nov-94,0.1323
28-Nov-94,0.1328
25-Nov-94,0.1338
24-Nov-94,0.1345
23-Nov-94,0.1352
22-Nov-94,0.1355
21-Nov-94,0.1361
18-Nov-94,0.1362
17-Nov-94,0.1358
16-Nov-94,0.136
15-Nov-94,0.1355
14-Nov-94,0.1377
11-Nov-94,0.1375
10-Nov-94,0.1376
9-Nov-94,0.1362
8-Nov-94,0.1373
7-Nov-94,0.1362
4-Nov-94,0.1366
3-Nov-94,0.1357
2-Nov-94,0.1376
1-Nov-94,0.1391
31-Oct-94,0.1399
28-Oct-94,0.1388
27-Oct-94,0.1407
26-Oct-94,0.142
25-Oct-94,0.1411
24-Oct-94,0.1412
21-Oct-94,0.1403
20-Oct-94,0.1408
19-Oct-94,0.1388
18-Oct-94,0.1387
17-Oct-94,0.1385
14-Oct-94,0.1361
13-Oct-94,0.1367
12-Oct-94,0.135
11-Oct-94,0.135
10-Oct-94,0.1357
7-Oct-94,0.1361
6-Oct-94,0.1361
5-Oct-94,0.1351
4-Oct-94,0.1357
3-Oct-94,0.1339
30-Sep-94,0.1338
29-Sep-94,0.1335
28-Sep-94,0.1337
27-Sep-94,0.1346
26-Sep-94,0.1337
23-Sep-94,0.1339
22-Sep-94,0.1344
21-Sep-94,0.134
20-Sep-94,0.134
19-Sep-94,0.1344
16-Sep-94,0.1346
15-Sep-94,0.1338
14-Sep-94,0.1327
13-Sep-94,0.1334
12-Sep-94,0.1338
9-Sep-94,0.1329
8-Sep-94,0.1305
7-Sep-94,0.1316
6-Sep-94,0.131
5-Sep-94,0.1301
2-Sep-94,0.1311
1-Sep-94,0.13
31-Aug-94,0.1291
30-Aug-94,0.1295
29-Aug-94,0.1295
26-Aug-94,0.1291
25-Aug-94,0.1318
24-Aug-94,0.131
23-Aug-94,0.1318
22-Aug-94,0.1333
19-Aug-94,0.1296
18-Aug-94,0.129
17-Aug-94,0.1271
16-Aug-94,0.1272
15-Aug-94,0.1285
12-Aug-94,0.1285
11-Aug-94,0.1286
10-Aug-94,0.1282
9-Aug-94,0.1285
8-Aug-94,0.1293
5-Aug-94,0.1296
4-Aug-94,0.1288
3-Aug-94,0.1298
2-Aug-94,0.1294
1-Aug-94,0.1287
29-Jul-94,0.1288
28-Jul-94,0.1283
27-Jul-94,0.1293
26-Jul-94,0.1289
25-Jul-94,0.128
22-Jul-94,0.1273
21-Jul-94,0.128
20-Jul-94,0.1293
19-Jul-94,0.1289
18-Jul-94,0.13
15-Jul-94,0.1293
14-Jul-94,0.129
13-Jul-94,0.1315
12-Jul-94,0.1325
11-Jul-94,0.1318
8-Jul-94,0.129
7-Jul-94,0.1276
6-Jul-94,0.127
5-Jul-94,0.1282
4-Jul-94,0.1281
1-Jul-94,0.1274
30-Jun-94,0.1305
29-Jun-94,0.1309
28-Jun-94,0.1316
27-Jun-94,0.1316
24-Jun-94,0.1313
23-Jun-94,0.1301
22-Jun-94,0.1301
21-Jun-94,0.13
20-Jun-94,0.1299
17-Jun-94,0.129
16-Jun-94,0.1271
15-Jun-94,0.1269
14-Jun-94,0.1266
13-Jun-94,0.1268
10-Jun-94,0.1261
9-Jun-94,0.1263
8-Jun-94,0.1262
7-Jun-94,0.1262
6-Jun-94,0.1264
3-Jun-94,0.1266
2-Jun-94,0.1274
1-Jun-94,0.1273
31-May-94,0.1281
30-May-94,0.129
27-May-94,0.13
26-May-94,0.129
25-May-94,0.1288
24-May-94,0.129
23-May-94,0.1303
20-May-94,0.1303
19-May-94,0.13
18-May-94,0.1299
17-May-94,0.129
16-May-94,0.1285
13-May-94,0.1291
12-May-94,0.1296
11-May-94,0.1293
10-May-94,0.129
9-May-94,0.1301
6-May-94,0.1301
5-May-94,0.1295
4-May-94,0.1305
3-May-94,0.1318
2-May-94,0.1316
29-Apr-94,0.1312
28-Apr-94,0.1298
27-Apr-94,0.1285
26-Apr-94,0.1275
25-Apr-94,0.1274
22-Apr-94,0.1271
21-Apr-94,0.127
20-Apr-94,0.1268
19-Apr-94,0.126
18-Apr-94,0.1268
15-Apr-94,0.1264
14-Apr-94,0.1264
13-Apr-94,0.126
12-Apr-94,0.127
11-Apr-94,0.1269
8-Apr-94,0.1268
7-Apr-94,0.1269
6-Apr-94,0.1259
5-Apr-94,0.1247
4-Apr-94,0.126
1-Apr-94,0.1264
31-Mar-94,0.1276
30-Mar-94,0.1273
29-Mar-94,0.1268
28-Mar-94,0.1269
25-Mar-94,0.1271
24-Mar-94,0.1275
23-Mar-94,0.1274
22-Mar-94,0.127
21-Mar-94,0.1273
18-Mar-94,0.1271
17-Mar-94,0.1275
16-Mar-94,0.1275
15-Mar-94,0.127
14-Mar-94,0.1274
11-Mar-94,0.1273
10-Mar-94,0.1268
9-Mar-94,0.1258
8-Mar-94,0.1248
7-Mar-94,0.1251
4-Mar-94,0.1247
3-Mar-94,0.1251
2-Mar-94,0.1248
1-Mar-94,0.1247
28-Feb-94,0.1255
25-Feb-94,0.1247
24-Feb-94,0.1256
23-Feb-94,0.126
22-Feb-94,0.1264
21-Feb-94,0.1255
18-Feb-94,0.1265
17-Feb-94,0.1256
16-Feb-94,0.1246
15-Feb-94,0.1242
14-Feb-94,0.1254
11-Feb-94,0.124
10-Feb-94,0.1237
9-Feb-94,0.125
8-Feb-94,0.1247
7-Feb-94,0.1255
4-Feb-94,0.1258
3-Feb-94,0.1265
2-Feb-94,0.1264
1-Feb-94,0.1269
31-Jan-94,0.127
28-Jan-94,0.1253
27-Jan-94,0.1266
26-Jan-94,0.1256
25-Jan-94,0.1249
24-Jan-94,0.1242
21-Jan-94,0.1235
20-Jan-94,0.1235
19-Jan-94,0.1232
18-Jan-94,0.1237
17-Jan-94,0.1232
14-Jan-94,0.1222
13-Jan-94,0.1226
12-Jan-94,0.1227
11-Jan-94,0.122
10-Jan-94,0.1227
7-Jan-94,0.1227
6-Jan-94,0.1214
5-Jan-94,0.1217
4-Jan-94,0.1213
3-Jan-94,0.1193
31-Dec-93,0.1199
30-Dec-93,0.12
29-Dec-93,0.12
28-Dec-93,0.1216
27-Dec-93,0.1208
24-Dec-93,0.1216
23-Dec-93,0.1219
22-Dec-93,0.121
21-Dec-93,0.1197
20-Dec-93,0.119
17-Dec-93,0.119
16-Dec-93,0.1192
15-Dec-93,0.1184
14-Dec-93,0.1184
13-Dec-93,0.1186
10-Dec-93,0.1197
9-Dec-93,0.1205
8-Dec-93,0.1202
7-Dec-93,0.1202
6-Dec-93,0.1202
3-Dec-93,0.1188
2-Dec-93,0.118
1-Dec-93,0.1175
30-Nov-93,0.1182
29-Nov-93,0.1184
26-Nov-93,0.119
25-Nov-93,0.1194
24-Nov-93,0.1195
23-Nov-93,0.1194
22-Nov-93,0.1201
19-Nov-93,0.12
18-Nov-93,0.1206
17-Nov-93,0.1215
16-Nov-93,0.1211
15-Nov-93,0.1218
12-Nov-93,0.1223
11-Nov-93,0.121
10-Nov-93,0.122
9-Nov-93,0.1224
8-Nov-93,0.1233
5-Nov-93,0.1235
4-Nov-93,0.1223
3-Nov-93,0.1228
2-Nov-93,0.1217
1-Nov-93,0.122
29-Oct-93,0.1222
28-Oct-93,0.1235
27-Oct-93,0.1232
26-Oct-93,0.1238
25-Oct-93,0.1232
22-Oct-93,0.1241
21-Oct-93,0.1247
20-Oct-93,0.1267
19-Oct-93,0.1263
18-Oct-93,0.126
15-Oct-93,0.1268
14-Oct-93,0.1261
13-Oct-93,0.1264
12-Oct-93,0.1264
11-Oct-93,0.1256
8-Oct-93,0.1251
7-Oct-93,0.1242
6-Oct-93,0.1242
5-Oct-93,0.1235
4-Oct-93,0.124
1-Oct-93,0.1234
30-Sep-93,0.1232
29-Sep-93,0.1242
28-Sep-93,0.1247
27-Sep-93,0.1248
24-Sep-93,0.1244
23-Sep-93,0.124
22-Sep-93,0.1229
21-Sep-93,0.1225
20-Sep-93,0.1241
17-Sep-93,0.1247
16-Sep-93,0.1263
15-Sep-93,0.1268
14-Sep-93,0.1265
13-Sep-93,0.1278
10-Sep-93,0.1285
9-Sep-93,0.127
8-Sep-93,0.1259
7-Sep-93,0.1263
6-Sep-93,0.1262
3-Sep-93,0.1251
2-Sep-93,0.1228
1-Sep-93,0.1223
31-Aug-93,0.1224
30-Aug-93,0.1235
27-Aug-93,0.1246
26-Aug-93,0.1239
25-Aug-93,0.1242
24-Aug-93,0.1246
23-Aug-93,0.124
20-Aug-93,0.1258
19-Aug-93,0.1256
18-Aug-93,0.127
17-Aug-93,0.1247
16-Aug-93,0.1243
13-Aug-93,0.1222
12-Aug-93,0.1227
11-Aug-93,0.1238
10-Aug-93,0.1246
9-Aug-93,0.1265
6-Aug-93,0.126
5-Aug-93,0.1247
4-Aug-93,0.1254
3-Aug-93,0.1246
2-Aug-93,0.124
30-Jul-93,0.1212
29-Jul-93,0.1216
28-Jul-93,0.124
27-Jul-93,0.1236
26-Jul-93,0.1243
23-Jul-93,0.1236
22-Jul-93,0.1243
21-Jul-93,0.1254
20-Jul-93,0.1258
19-Jul-93,0.1264
16-Jul-93,0.1252
15-Jul-93,0.1251
14-Jul-93,0.1261
13-Jul-93,0.1266
12-Jul-93,0.1247
9-Jul-93,0.1252
8-Jul-93,0.1267
7-Jul-93,0.1274
6-Jul-93,0.1278
5-Jul-93,0.1291
2-Jul-93,0.1296
1-Jul-93,0.1304
30-Jun-93,0.1293
29-Jun-93,0.1292
28-Jun-93,0.1275
25-Jun-93,0.1276
24-Jun-93,0.1281
23-Jun-93,0.1299
22-Jun-93,0.1317
21-Jun-93,0.1326
18-Jun-93,0.1325
17-Jun-93,0.1333
16-Jun-93,0.135
15-Jun-93,0.1361
14-Jun-93,0.138
11-Jun-93,0.1388
10-Jun-93,0.1383
9-Jun-93,0.1373
8-Jun-93,0.1378
7-Jun-93,0.1377
4-Jun-93,0.1366
3-Jun-93,0.1393
2-Jun-93,0.1389
1-Jun-93,0.1395
31-May-93,0.1392
28-May-93,0.1395
27-May-93,0.1385
26-May-93,0.1368
25-May-93,0.1368
24-May-93,0.1367
21-May-93,0.1367
20-May-93,0.1367
19-May-93,0.136
18-May-93,0.1361
17-May-93,0.1361
14-May-93,0.1362
13-May-93,0.1352
12-May-93,0.135
11-May-93,0.1345
10-May-93,0.1348
7-May-93,0.1366
6-May-93,0.138
5-May-93,0.137
4-May-93,0.1366
3-May-93,0.1364
30-Apr-93,0.1365
29-Apr-93,0.1374
28-Apr-93,0.1383
27-Apr-93,0.1376
26-Apr-93,0.1392
23-Apr-93,0.1375
22-Apr-93,0.1356
21-Apr-93,0.1348
20-Apr-93,0.1356
19-Apr-93,0.1353
16-Apr-93,0.1327
15-Apr-93,0.1337
14-Apr-93,0.1348
13-Apr-93,0.1346
12-Apr-93,0.1326
9-Apr-93,0.1317
8-Apr-93,0.1318
7-Apr-93,0.1302
6-Apr-93,0.131
5-Apr-93,0.1321
2-Apr-93,0.1323
1-Apr-93,0.1323
31-Mar-93,0.1296
30-Mar-93,0.1299
29-Mar-93,0.1293
26-Mar-93,0.1293
25-Mar-93,0.1277
24-Mar-93,0.1283
23-Mar-93,0.1292
22-Mar-93,0.1295
19-Mar-93,0.13
18-Mar-93,0.1293
17-Mar-93,0.1281
16-Mar-93,0.1275
15-Mar-93,0.1272
12-Mar-93,0.1283
11-Mar-93,0.1287
10-Mar-93,0.1313
9-Mar-93,0.131
8-Mar-93,0.1313
5-Mar-93,0.129
4-Mar-93,0.1302
3-Mar-93,0.1296
2-Mar-93,0.1297
1-Mar-93,0.1282
26-Feb-93,0.1279
25-Feb-93,0.1274
24-Feb-93,0.127
23-Feb-93,0.1293
22-Feb-93,0.1321
19-Feb-93,0.1319
18-Feb-93,0.1324
17-Feb-93,0.1345
16-Feb-93,0.1347
15-Feb-93,0.1331
12-Feb-93,0.1333
11-Feb-93,0.1338
10-Feb-93,0.1333
9-Feb-93,0.1344
8-Feb-93,0.1338
5-Feb-93,0.1342
4-Feb-93,0.1336
3-Feb-93,0.133
2-Feb-93,0.1345
1-Feb-93,0.134
29-Jan-93,0.137
28-Jan-93,0.139
27-Jan-93,0.1405
26-Jan-93,0.1417
25-Jan-93,0.1412
22-Jan-93,0.1401
21-Jan-93,0.1384
20-Jan-93,0.1397
19-Jan-93,0.1384
18-Jan-93,0.1386
15-Jan-93,0.1367
14-Jan-93,0.1381
13-Jan-93,0.1353
12-Jan-93,0.1342
11-Jan-93,0.1354
8-Jan-93,0.1346
7-Jan-93,0.1358
6-Jan-93,0.1379
5-Jan-93,0.138
4-Jan-93,0.1391
31-Dec-92,0.1412
30-Dec-92,0.1416
29-Dec-92,0.1414
28-Dec-92,0.1413
25-Dec-92,0.1413
24-Dec-92,0.1413
23-Dec-92,0.1416
22-Dec-92,0.1426
21-Dec-92,0.1444
18-Dec-92,0.1444
17-Dec-92,0.1442
16-Dec-92,0.1467
15-Dec-92,0.1481
14-Dec-92,0.148
11-Dec-92,0.1477
10-Dec-92,0.1476
9-Dec-92,0.1479
8-Dec-92,0.1497
7-Dec-92,0.1501
4-Dec-92,0.1469
3-Dec-92,0.1479
2-Dec-92,0.1477
1-Dec-92,0.1477
30-Nov-92,0.1468
27-Nov-92,0.1469
26-Nov-92,0.1474
25-Nov-92,0.1496
24-Nov-92,0.1499
23-Nov-92,0.149
20-Nov-92,0.1477
19-Nov-92,0.1542
18-Nov-92,0.1641
17-Nov-92,0.1663
16-Nov-92,0.1668
13-Nov-92,0.1691
12-Nov-92,0.1673
11-Nov-92,0.1678
10-Nov-92,0.1668
9-Nov-92,0.1673
6-Nov-92,0.1668
5-Nov-92,0.1683
4-Nov-92,0.1696
3-Nov-92,0.1699
2-Nov-92,0.1693
30-Oct-92,0.1722
29-Oct-92,0.1729
28-Oct-92,0.1724
27-Oct-92,0.1729
26-Oct-92,0.1729
23-Oct-92,0.1737
22-Oct-92,0.1758
21-Oct-92,0.1754
20-Oct-92,0.1746
19-Oct-92,0.1779
16-Oct-92,0.1788
15-Oct-92,0.1819
14-Oct-92,0.1813
13-Oct-92,0.1813
12-Oct-92,0.1812
9-Oct-92,0.1793
8-Oct-92,0.1792
7-Oct-92,0.1832
6-Oct-92,0.1847
5-Oct-92,0.1871
2-Oct-92,0.1875
1-Oct-92,0.1873
30-Sep-92,0.189
29-Sep-92,0.1891
28-Sep-92,0.1835
25-Sep-92,0.1803
24-Sep-92,0.1801
23-Sep-92,0.179
22-Sep-92,0.1775
21-Sep-92,0.1802
18-Sep-92,0.1784
17-Sep-92,0.1804
16-Sep-92,0.1782
15-Sep-92,0.1838
14-Sep-92,0.1843
11-Sep-92,0.1883
10-Sep-92,0.1923
9-Sep-92,0.1933
8-Sep-92,0.1962
7-Sep-92,0.1951
4-Sep-92,0.1949
3-Sep-92,0.1933
2-Sep-92,0.1959
1-Sep-92,0.1967
31-Aug-92,0.1948
28-Aug-92,0.1939
27-Aug-92,0.194
26-Aug-92,0.1944
25-Aug-92,0.195
24-Aug-92,0.1953
21-Aug-92,0.1918
20-Aug-92,0.1894
19-Aug-92,0.1885
18-Aug-92,0.1881
17-Aug-92,0.1874
14-Aug-92,0.1876
13-Aug-92,0.1886
12-Aug-92,0.1879
11-Aug-92,0.1878
10-Aug-92,0.188
7-Aug-92,0.1875
6-Aug-92,0.1864
5-Aug-92,0.1857
4-Aug-92,0.1865
3-Aug-92,0.1868
31-Jul-92,0.1866
30-Jul-92,0.1867
29-Jul-92,0.1859
28-Jul-92,0.1869
27-Jul-92,0.1862
24-Jul-92,0.1831
23-Jul-92,0.1855
22-Jul-92,0.1851
21-Jul-92,0.185
20-Jul-92,0.1845
17-Jul-92,0.1889
16-Jul-92,0.1862
15-Jul-92,0.1857
14-Jul-92,0.1855
13-Jul-92,0.187
10-Jul-92,0.1845
9-Jul-92,0.1827
8-Jul-92,0.1856
7-Jul-92,0.1857
6-Jul-92,0.1827
3-Jul-92,0.182
2-Jul-92,0.1835
1-Jul-92,0.1817
30-Jun-92,0.1817
29-Jun-92,0.1819
26-Jun-92,0.1804
25-Jun-92,0.18
24-Jun-92,0.1784
23-Jun-92,0.1769
22-Jun-92,0.1768
19-Jun-92,0.1759
18-Jun-92,0.1764
17-Jun-92,0.1758
16-Jun-92,0.1767
15-Jun-92,0.1763
12-Jun-92,0.1755
11-Jun-92,0.1754
10-Jun-92,0.1737
9-Jun-92,0.1739
8-Jun-92,0.1744
5-Jun-92,0.174
4-Jun-92,0.1739
3-Jun-92,0.1728
2-Jun-92,0.1719
1-Jun-92,0.1729
29-May-92,0.1727
28-May-92,0.1708
27-May-92,0.1697
26-May-92,0.172
25-May-92,0.1719
22-May-92,0.1717
21-May-92,0.1719
20-May-92,0.1735
19-May-92,0.1744
18-May-92,0.174
15-May-92,0.1724
14-May-92,0.1716
13-May-92,0.1727
12-May-92,0.1711
11-May-92,0.1696
8-May-92,0.1693
7-May-92,0.1699
6-May-92,0.1703
5-May-92,0.1694
4-May-92,0.1683
1-May-92,0.1689
30-Apr-92,0.1683
29-Apr-92,0.1671
28-Apr-92,0.1675
27-Apr-92,0.1675
24-Apr-92,0.1677
23-Apr-92,0.1669
22-Apr-92,0.1666
21-Apr-92,0.1659
20-Apr-92,0.1658
17-Apr-92,0.1656
16-Apr-92,0.1658
15-Apr-92,0.1665
14-Apr-92,0.1671
13-Apr-92,0.1676
10-Apr-92,0.1686
9-Apr-92,0.1703
8-Apr-92,0.1693
7-Apr-92,0.1698
6-Apr-92,0.1694
3-Apr-92,0.1691
2-Apr-92,0.1674
1-Apr-92,0.1668
31-Mar-92,0.1676
30-Mar-92,0.1674
27-Mar-92,0.1678
26-Mar-92,0.166
25-Mar-92,0.1668
24-Mar-92,0.1656
23-Mar-92,0.1654
20-Mar-92,0.1649
19-Mar-92,0.1648
18-Mar-92,0.1668
17-Mar-92,0.1675
16-Mar-92,0.1658
13-Mar-92,0.1652
12-Mar-92,0.1652
11-Mar-92,0.1659
10-Mar-92,0.1652
9-Mar-92,0.166
6-Mar-92,0.1654
5-Mar-92,0.1649
4-Mar-92,0.1655
3-Mar-92,0.1666
2-Mar-92,0.1679
28-Feb-92,0.1683
27-Feb-92,0.1688
26-Feb-92,0.1671
25-Feb-92,0.1664
24-Feb-92,0.1671
21-Feb-92,0.1666
20-Feb-92,0.1678
19-Feb-92,0.1679
18-Feb-92,0.1676
17-Feb-92,0.1694
14-Feb-92,0.1694
13-Feb-92,0.1698
12-Feb-92,0.1713
11-Feb-92,0.1733
10-Feb-92,0.1744
7-Feb-92,0.1765
6-Feb-92,0.1745
5-Feb-92,0.1741
4-Feb-92,0.1729
3-Feb-92,0.172
31-Jan-92,0.1709
30-Jan-92,0.1711
29-Jan-92,0.1728
28-Jan-92,0.1724
27-Jan-92,0.1711
24-Jan-92,0.1733
23-Jan-92,0.1724
22-Jan-92,0.1732
21-Jan-92,0.1734
20-Jan-92,0.172
17-Jan-92,0.1712
16-Jan-92,0.1691
15-Jan-92,0.1692
14-Jan-92,0.1729
13-Jan-92,0.1739
10-Jan-92,0.1741
9-Jan-92,0.1773
8-Jan-92,0.1807
7-Jan-92,0.181
6-Jan-92,0.1808
3-Jan-92,0.1777
2-Jan-92,0.1797
1-Jan-92,0.1804
31-Dec-91,0.1802
30-Dec-91,0.18
27-Dec-91,0.1799
26-Dec-91,0.1813
25-Dec-91,0.1801
24-Dec-91,0.1801
23-Dec-91,0.1805
20-Dec-91,0.178
19-Dec-91,0.1757
18-Dec-91,0.1745
17-Dec-91,0.1744
16-Dec-91,0.1739
13-Dec-91,0.1725
12-Dec-91,0.1729
11-Dec-91,0.1734
10-Dec-91,0.1729
9-Dec-91,0.1737
6-Dec-91,0.1741
5-Dec-91,0.1719
4-Dec-91,0.1689
3-Dec-91,0.1694
2-Dec-91,0.1694
29-Nov-91,0.1678
28-Nov-91,0.1688
27-Nov-91,0.1689
26-Nov-91,0.1713
25-Nov-91,0.1721
22-Nov-91,0.1728
21-Nov-91,0.1713
20-Nov-91,0.1709
19-Nov-91,0.1709
18-Nov-91,0.1702
15-Nov-91,0.1669
14-Nov-91,0.1678
13-Nov-91,0.1671
12-Nov-91,0.1669
11-Nov-91,0.1668
8-Nov-91,0.1668
7-Nov-91,0.1676
6-Nov-91,0.1673
5-Nov-91,0.1669
4-Nov-91,0.1678
1-Nov-91,0.1656
31-Oct-91,0.1641
30-Oct-91,0.1641
29-Oct-91,0.1628
28-Oct-91,0.1607
25-Oct-91,0.1615
24-Oct-91,0.1616
23-Oct-91,0.1605
22-Oct-91,0.1617
21-Oct-91,0.1622
18-Oct-91,0.1628
17-Oct-91,0.1615
16-Oct-91,0.1609
15-Oct-91,0.1603
14-Oct-91,0.1614
11-Oct-91,0.1624
10-Oct-91,0.1619
9-Oct-91,0.1623
8-Oct-91,0.162
7-Oct-91,0.1632
4-Oct-91,0.1637
3-Oct-91,0.1651
2-Oct-91,0.1646
1-Oct-91,0.1643
30-Sep-91,0.1646
27-Sep-91,0.1637
26-Sep-91,0.1632
25-Sep-91,0.1629
24-Sep-91,0.1643
23-Sep-91,0.164
20-Sep-91,0.1627
19-Sep-91,0.1624
18-Sep-91,0.1628
17-Sep-91,0.1641
16-Sep-91,0.1639
13-Sep-91,0.1628
12-Sep-91,0.1628
11-Sep-91,0.1618
10-Sep-91,0.1625
9-Sep-91,0.1626
6-Sep-91,0.159
5-Sep-91,0.1585
4-Sep-91,0.1587
3-Sep-91,0.1587
2-Sep-91,0.1578
30-Aug-91,0.1578
29-Aug-91,0.1578
28-Aug-91,0.1586
27-Aug-91,0.1576
26-Aug-91,0.1577
23-Aug-91,0.1577
22-Aug-91,0.1588
21-Aug-91,0.1571
20-Aug-91,0.1532
19-Aug-91,0.1512
16-Aug-91,0.1563
15-Aug-91,0.1585
14-Aug-91,0.1585
13-Aug-91,0.1588
12-Aug-91,0.1594
9-Aug-91,0.1592
8-Aug-91,0.1603
7-Aug-91,0.1608
6-Aug-91,0.1609
5-Aug-91,0.16
2-Aug-91,0.1583
1-Aug-91,0.1569
31-Jul-91,0.1582
30-Jul-91,0.1572
29-Jul-91,0.1575
26-Jul-91,0.1587
25-Jul-91,0.1571
24-Jul-91,0.1592
23-Jul-91,0.1572
22-Jul-91,0.1567
19-Jul-91,0.1581
18-Jul-91,0.1557
17-Jul-91,0.1542
16-Jul-91,0.1535
15-Jul-91,0.1542
12-Jul-91,0.1544
11-Jul-91,0.1507
10-Jul-91,0.1523
9-Jul-91,0.1521
8-Jul-91,0.1528
5-Jul-91,0.1515
4-Jul-91,0.1507
3-Jul-91,0.1512
2-Jul-91,0.151
1-Jul-91,0.1521
28-Jun-91,0.153
27-Jun-91,0.1542
26-Jun-91,0.1546
25-Jun-91,0.1541
24-Jun-91,0.1551
21-Jun-91,0.1535
20-Jun-91,0.1542
19-Jun-91,0.1544
18-Jun-91,0.1525
17-Jun-91,0.1542
14-Jun-91,0.1542
13-Jun-91,0.1545
12-Jun-91,0.1552
11-Jun-91,0.1568
10-Jun-91,0.1574
7-Jun-91,0.1575
6-Jun-91,0.1588
5-Jun-91,0.1592
4-Jun-91,0.1598
3-Jun-91,0.1597
31-May-91,0.1602
30-May-91,0.1623
29-May-91,0.1642
28-May-91,0.1642
27-May-91,0.1638
24-May-91,0.1633
23-May-91,0.1628
22-May-91,0.1618
21-May-91,0.1628
20-May-91,0.1604
17-May-91,0.1605
16-May-91,0.1642
15-May-91,0.1643
14-May-91,0.1638
13-May-91,0.1624
10-May-91,0.1619
9-May-91,0.1613
8-May-91,0.1618
7-May-91,0.1626
6-May-91,0.1609
3-May-91,0.161
2-May-91,0.1623
1-May-91,0.1641
30-Apr-91,0.1617
29-Apr-91,0.1592
26-Apr-91,0.1602
25-Apr-91,0.1603
24-Apr-91,0.1608
23-Apr-91,0.161
22-Apr-91,0.1593
19-Apr-91,0.1614
18-Apr-91,0.1649
17-Apr-91,0.1662
16-Apr-91,0.1661
15-Apr-91,0.1654
12-Apr-91,0.1653
11-Apr-91,0.1656
10-Apr-91,0.1653
9-Apr-91,0.1659
8-Apr-91,0.1643
5-Apr-91,0.1653
4-Apr-91,0.1656
3-Apr-91,0.1653
2-Apr-91,0.1643
1-Apr-91,0.162
29-Mar-91,0.1618
28-Mar-91,0.1618
27-Mar-91,0.1623
26-Mar-91,0.1637
25-Mar-91,0.1649
22-Mar-91,0.1669
21-Mar-91,0.1671
20-Mar-91,0.1666
19-Mar-91,0.1659
18-Mar-91,0.1678
15-Mar-91,0.1703
14-Mar-91,0.1719
13-Mar-91,0.1719
12-Mar-91,0.1725
11-Mar-91,0.1721
8-Mar-91,0.1734
7-Mar-91,0.1745
6-Mar-91,0.1745
5-Mar-91,0.1757
4-Mar-91,0.1754
1-Mar-91,0.1756
28-Feb-91,0.1762
27-Feb-91,0.177
26-Feb-91,0.1769
25-Feb-91,0.1769
22-Feb-91,0.1796
21-Feb-91,0.1799
20-Feb-91,0.1794
19-Feb-91,0.1798
18-Feb-91,0.1804
15-Feb-91,0.1812
14-Feb-91,0.1822
13-Feb-91,0.1829
12-Feb-91,0.183
11-Feb-91,0.1837
8-Feb-91,0.1827
7-Feb-91,0.1834
6-Feb-91,0.1833
5-Feb-91,0.1822
4-Feb-91,0.182
1-Feb-91,0.1817
31-Jan-91,0.1807
30-Jan-91,0.1794
29-Jan-91,0.1801
28-Jan-91,0.1797
25-Jan-91,0.1795
24-Jan-91,0.1802
23-Jan-91,0.1796
22-Jan-91,0.179
21-Jan-91,0.1789
18-Jan-91,0.1782
17-Jan-91,0.1769
16-Jan-91,0.1743
15-Jan-91,0.1743
14-Jan-91,0.1746
11-Jan-91,0.1755
10-Jan-91,0.1753
9-Jan-91,0.1768
8-Jan-91,0.1752
7-Jan-91,0.1749
4-Jan-91,0.1774
3-Jan-91,0.1784
2-Jan-91,0.1783
31-Dec-90,0.1774
28-Dec-90,0.1772
27-Dec-90,0.1744
26-Dec-90,0.1748
25-Dec-90,0.1748
24-Dec-90,0.1748
21-Dec-90,0.1748
20-Dec-90,0.1769
19-Dec-90,0.1789
18-Dec-90,0.1787
17-Dec-90,0.1784
14-Dec-90,0.1789
13-Dec-90,0.1792
12-Dec-90,0.1794
11-Dec-90,0.1794
10-Dec-90,0.1802
7-Dec-90,0.1794
6-Dec-90,0.1784
5-Dec-90,0.1774
4-Dec-90,0.1777
3-Dec-90,0.177
30-Nov-90,0.1778
29-Nov-90,0.179
28-Nov-90,0.1797
27-Nov-90,0.1802
26-Nov-90,0.1792
23-Nov-90,0.1797
22-Nov-90,0.1802
21-Nov-90,0.1804
20-Nov-90,0.1804
19-Nov-90,0.1809
16-Nov-90,0.1807
15-Nov-90,0.1802
14-Nov-90,0.1804
13-Nov-90,0.1804
12-Nov-90,0.1804
9-Nov-90,0.1795
8-Nov-90,0.1794
7-Nov-90,0.1804
6-Nov-90,0.1802
5-Nov-90,0.1799
2-Nov-90,0.1789
1-Nov-90,0.178
31-Oct-90,0.1777
30-Oct-90,0.1774
29-Oct-90,0.1779
26-Oct-90,0.1778
25-Oct-90,0.1784
24-Oct-90,0.1789
23-Oct-90,0.1781
22-Oct-90,0.1779
19-Oct-90,0.1792
18-Oct-90,0.1785
17-Oct-90,0.1782
16-Oct-90,0.1781
15-Oct-90,0.1774
12-Oct-90,0.1774
11-Oct-90,0.1775
10-Oct-90,0.1774
9-Oct-90,0.1777
8-Oct-90,0.1769
5-Oct-90,0.1757
4-Oct-90,0.1762
3-Oct-90,0.1754
2-Oct-90,0.1745
1-Oct-90,0.1746
28-Sep-90,0.1733
27-Sep-90,0.173
26-Sep-90,0.1734
25-Sep-90,0.1745
24-Sep-90,0.1743
21-Sep-90,0.1729
20-Sep-90,0.1726
19-Sep-90,0.1738
18-Sep-90,0.1753
17-Sep-90,0.1749
14-Sep-90,0.1739
13-Sep-90,0.1721
12-Sep-90,0.1724
11-Sep-90,0.1715
10-Sep-90,0.1726
7-Sep-90,0.1737
6-Sep-90,0.1746
5-Sep-90,0.1737
4-Sep-90,0.1724
3-Sep-90,0.1721
31-Aug-90,0.1728
30-Aug-90,0.1736
29-Aug-90,0.1748
28-Aug-90,0.175
27-Aug-90,0.1748
24-Aug-90,0.1747
23-Aug-90,0.1746
22-Aug-90,0.1739
21-Aug-90,0.174
20-Aug-90,0.1739
17-Aug-90,0.1745
16-Aug-90,0.1739
15-Aug-90,0.1743
14-Aug-90,0.1734
13-Aug-90,0.1727
10-Aug-90,0.1711
9-Aug-90,0.1713
8-Aug-90,0.1711
7-Aug-90,0.1724
6-Aug-90,0.1728
3-Aug-90,0.1714
2-Aug-90,0.1716
1-Aug-90,0.1716
31-Jul-90,0.172
30-Jul-90,0.1701
27-Jul-90,0.1698
26-Jul-90,0.1691
25-Jul-90,0.1696
24-Jul-90,0.1696
23-Jul-90,0.1691
20-Jul-90,0.1681
19-Jul-90,0.1679
18-Jul-90,0.1684
17-Jul-90,0.1678
16-Jul-90,0.1673
13-Jul-90,0.1676
12-Jul-90,0.1678
11-Jul-90,0.1674
10-Jul-90,0.1679
9-Jul-90,0.1676
6-Jul-90,0.1668
5-Jul-90,0.1671
4-Jul-90,0.1672
3-Jul-90,0.1668
2-Jul-90,0.1666
29-Jun-90,0.1658
28-Jun-90,0.1655
27-Jun-90,0.1659
26-Jun-90,0.1653
25-Jun-90,0.1649
22-Jun-90,0.1647
21-Jun-90,0.1647
20-Jun-90,0.1646
19-Jun-90,0.165
18-Jun-90,0.1646
15-Jun-90,0.1636
14-Jun-90,0.1643
13-Jun-90,0.1635
12-Jun-90,0.1636
11-Jun-90,0.1631
8-Jun-90,0.1631
7-Jun-90,0.1635
6-Jun-90,0.1639
5-Jun-90,0.1636
4-Jun-90,0.1631
1-Jun-90,0.164
31-May-90,0.1628
30-May-90,0.1646
29-May-90,0.1649
28-May-90,0.1643
25-May-90,0.1641
24-May-90,0.1647
23-May-90,0.1648
22-May-90,0.1647
21-May-90,0.1649
18-May-90,0.1661
17-May-90,0.1661
16-May-90,0.1664
15-May-90,0.1661
14-May-90,0.1664
11-May-90,0.1666
10-May-90,0.1661
9-May-90,0.1666
8-May-90,0.1654
7-May-90,0.1654
4-May-90,0.1647
3-May-90,0.1641
2-May-90,0.1639
1-May-90,0.1638
30-Apr-90,0.1638
27-Apr-90,0.1643
26-Apr-90,0.1641
25-Apr-90,0.1639
24-Apr-90,0.1631
23-Apr-90,0.1628
20-Apr-90,0.1638
19-Apr-90,0.1643
18-Apr-90,0.1643
17-Apr-90,0.1637
16-Apr-90,0.1637
13-Apr-90,0.164
12-Apr-90,0.1641
11-Apr-90,0.1642
10-Apr-90,0.1637
9-Apr-90,0.1634
6-Apr-90,0.163
5-Apr-90,0.1628
4-Apr-90,0.1631
3-Apr-90,0.1629
2-Apr-90,0.1628
30-Mar-90,0.1637
29-Mar-90,0.163
28-Mar-90,0.1623
27-Mar-90,0.162
26-Mar-90,0.1619
23-Mar-90,0.162
22-Mar-90,0.1621
21-Mar-90,0.1621
20-Mar-90,0.1627
19-Mar-90,0.1636
16-Mar-90,0.1629
15-Mar-90,0.1623
14-Mar-90,0.1617
13-Mar-90,0.1613
12-Mar-90,0.1618
9-Mar-90,0.1622
8-Mar-90,0.1624
7-Mar-90,0.1618
6-Mar-90,0.1628
5-Mar-90,0.1626
2-Mar-90,0.1623
1-Mar-90,0.1623
28-Feb-90,0.1634
27-Feb-90,0.1638
26-Feb-90,0.1637
23-Feb-90,0.1643
22-Feb-90,0.1644
21-Feb-90,0.1642
20-Feb-90,0.1633
19-Feb-90,0.1629
16-Feb-90,0.1626
15-Feb-90,0.1632
14-Feb-90,0.1633
13-Feb-90,0.1631
12-Feb-90,0.1636
9-Feb-90,0.1636
8-Feb-90,0.1636
7-Feb-90,0.1637
6-Feb-90,0.1637
5-Feb-90,0.1633
2-Feb-90,0.1632
1-Feb-90,0.1632
31-Jan-90,0.163
30-Jan-90,0.1638
29-Jan-90,0.1634
26-Jan-90,0.1627
25-Jan-90,0.1622
24-Jan-90,0.1626
23-Jan-90,0.1615
22-Jan-90,0.1599
19-Jan-90,0.161
18-Jan-90,0.1614
17-Jan-90,0.1627
16-Jan-90,0.1624
15-Jan-90,0.163
12-Jan-90,0.1634
11-Jan-90,0.1629
10-Jan-90,0.1628
9-Jan-90,0.1628
8-Jan-90,0.1633
5-Jan-90,0.1614
4-Jan-90,0.1618
3-Jan-90,0.1598
2-Jan-90,0.1603
